customer_id,customer_name,email,registration_date,customer_type
1,Allison Hill,allison.hill1@gmail.com,2024-06-21 22:43:23,REGULAR
2,Brian Yang,brian.yang2@hotmail.com,2024-12-12 17:53:58,REGULAR
3,Javier Johnson,javier.johnson3@gmail.com,2026-04-27 04:44:17,REGULAR
4,Lance Hoffman,lance.hoffman4@hotmail.com,2024-02-16 06:55:15,REGULAR
5,Kimberly Robinson,kimberly.robinson5@hotmail.com,2024-02-11 05:19:57,PREMIUM
6,Sean Blake,sean.blake6@gmail.com,2026-04-26 12:53:27,REGULAR
7,Gina Moore,gina.moore7@yahoo.com,2025-03-08 03:42:04,REGULAR
8,James Howard,james.howard8@yahoo.com,2024-09-05 00:31:50,REGULAR
9,Renee Blair,renee.blair9@hotmail.com,2024-08-29 12:41:45,PREMIUM
10,Thomas Miller,thomas.miller10@yahoo.com,2024-06-07 18:40:31,REGULAR
11,Lisa Hensley,lisa.hensley11@hotmail.com,2025-06-18 07:35:55,PREMIUM
12,Benjamin Stanley,benjamin.stanley12@yahoo.com,2025-12-14 16:36:03,VIP
13,Dr. Sharon James,dr..sharon.james13@yahoo.com,2025-08-11 00:47:04,REGULAR
14,Holly Wood,holly.wood14@gmail.com,2025-07-15 18:43:51,PREMIUM
15,Mia Sutton,mia.sutton15@gmail.com,2024-03-12 04:27:24,PREMIUM
16,Carolyn Daniel,carolyn.daniel16@gmail.com,2024-05-03 22:51:37,PREMIUM
17,Devin Schaefer,devin.schaefer17@hotmail.com,2025-08-13 12:07:58,PREMIUM
18,Melinda Cameron,melinda.cameron18@gmail.com,2025-07-20 17:55:46,REGULAR
19,Andrew Stewart,andrew.stewart19@yahoo.com,2025-02-18 17:39:16,PREMIUM
20,Thomas Bradley,thomas.bradley20@hotmail.com,2024-04-20 22:04:42,REGULAR
21,Matthew Foster,matthew.foster21@hotmail.com,2025-01-15 07:12:46,REGULAR
22,Derek Wright,derek.wright22@hotmail.com,2026-05-15 04:35:29,REGULAR
23,Nicole Patterson,nicole.patterson23@hotmail.com,2024-03-27 21:31:04,REGULAR
24,Daniel Bright,daniel.bright24@hotmail.com,2025-05-05 00:56:31,REGULAR
25,Peter Callahan Jr.,peter.callahan.jr.25@gmail.com,2026-05-31 02:00:17,REGULAR
26,Jennifer Brown,jennifer.brown26@yahoo.com,2026-02-14 12:41:25,VIP
27,Julie King,julie.king27@hotmail.com,2025-12-13 19:14:13,REGULAR
28,Alexandra Le,alexandra.le28@hotmail.com,2026-05-22 01:19:15,PREMIUM
29,Nicole Mack,nicole.mack29@yahoo.com,2025-10-27 13:10:14,REGULAR
30,Jeffrey Chavez,jeffrey.chavez30@hotmail.com,2024-12-06 16:52:13,REGULAR
31,Deborah Mason,deborah.mason31@gmail.com,2026-02-05 15:36:14,REGULAR
32,Ashley Garrett,ashley.garrett32@hotmail.com,2024-06-19 08:00:57,REGULAR
33,Christina Brooks,christina.brooks33@gmail.com,2025-10-17 19:15:51,REGULAR
34,Paula Moreno,paula.moreno34@gmail.com,2026-07-14 16:19:50,REGULAR
35,Katherine Rodriguez,katherine.rodriguez35@yahoo.com,2026-05-09 09:45:22,REGULAR
36,Sandra Parker,sandra.parker36@gmail.com,2024-06-26 22:47:54,REGULAR
37,Keith Miller,keith.miller37@hotmail.com,2025-02-18 11:57:50,REGULAR
38,Mr. Philip Cannon,mr..philip.cannon38@gmail.com,2025-03-31 22:28:40,REGULAR
39,Theresa Martin,theresa.martin39@hotmail.com,2025-02-13 03:51:19,PREMIUM
40,Jenny Lewis,jenny.lewis40@hotmail.com,2026-02-27 15:44:40,PREMIUM
41,Melissa Marquez,melissa.marquez41@yahoo.com,2025-04-08 14:49:41,REGULAR
42,Marie Kim DDS,marie.kim.dds42@gmail.com,2024-11-04 23:56:36,PREMIUM
43,Austin Smith,austin.smith43@hotmail.com,2026-04-17 21:30:27,VIP
44,Daniel Jones,daniel.jones44@hotmail.com,2024-01-01 21:19:18,REGULAR
45,Austin Johnson,austin.johnson45@yahoo.com,2024-06-22 18:43:51,PREMIUM
46,David Caldwell,david.caldwell46@gmail.com,2025-04-22 16:57:27,REGULAR
47,Miranda Khan,miranda.khan47@hotmail.com,2026-05-31 08:35:59,REGULAR
48,Richard Aguirre,richard.aguirre48@gmail.com,2026-01-24 23:02:15,VIP
49,Matthew Gomez,matthew.gomez49@yahoo.com,2026-04-07 12:43:31,REGULAR
50,Nicholas Nunez,nicholas.nunez50@hotmail.com,2026-01-08 07:48:40,REGULAR
51,James Morgan,james.morgan51@gmail.com,2026-03-30 17:06:16,REGULAR
52,Connor West,connor.west52@yahoo.com,2024-11-25 00:24:33,PREMIUM
53,Joel Baxter,joel.baxter53@gmail.com,2024-11-08 11:27:18,REGULAR
54,Scott Pierce,scott.pierce54@gmail.com,2025-08-03 02:07:31,REGULAR
55,Kimberly Smith,kimberly.smith55@gmail.com,2024-07-06 23:21:48,REGULAR
56,Sarah Martin,sarah.martin56@yahoo.com,2024-02-02 16:12:50,REGULAR
57,Dr. Steven Martin,dr..steven.martin57example.com,2024-12-08 02:17:57,REGULAR
58,James House,james.house58@yahoo.com,2024-02-18 19:09:35,REGULAR
59,Michael Cross,michael.cross59@hotmail.com,2025-01-04 17:27:21,REGULAR
60,Katelyn Lee,katelyn.lee60@gmail.com,2026-04-17 16:05:53,VIP
61,Lauren Daniels,lauren.daniels61@hotmail.com,2026-06-06 02:01:46,REGULAR
62,Anthony Woods,anthony.woods62@hotmail.com,2026-01-04 17:42:33,REGULAR
63,Tyler Miller,tyler.miller63@gmail.com,2024-05-30 13:50:33,REGULAR
64,Barry Hensley,barry.hensley64@yahoo.com,2025-09-30 15:00:13,PREMIUM
65,Steve Sanchez,steve.sanchez65@hotmail.com,2024-06-01 21:17:03,PREMIUM
66,Bradley Sandoval,bradley.sandoval66@hotmail.com,2024-06-18 17:50:41,REGULAR
67,Taylor Harris,taylor.harris67@hotmail.com,2025-11-27 21:31:31,REGULAR
68,Derek Anderson,derek.anderson68@hotmail.com,2025-12-19 16:01:28,VIP
69,Eugene Walton,eugene.walton69@gmail.com,2025-11-19 09:06:41,PREMIUM
70,Marc Hart,marc.hart70@gmail.com,2024-06-01 02:18:07,VIP
71,Daniel Baker,daniel.baker71@yahoo.com,2024-01-23 22:12:45,VIP
72,Sherry Wood,sherry.wood72@gmail.com,2025-01-02 04:51:58,REGULAR
73,Joshua Turner,joshua.turner73@hotmail.com,2024-11-28 01:04:36,VIP
74,Mary Spencer,mary.spencer74@hotmail.com,2024-09-12 18:07:00,VIP
75,Shawn Baker,shawn.baker75@gmail.com,2025-02-15 23:29:11,PREMIUM
76,Brittney Campbell,brittney.campbell76@gmail.com,2025-03-19 02:51:43,VIP
77,Christina Walters,christina.walters77@yahoo.com,2026-05-13 08:32:41,REGULAR
78,Danielle Odonnell,danielle.odonnell78@gmail.com,2024-10-21 23:54:20,VIP
79,Jeff Hill,jeff.hill79@gmail.com,2026-06-18 17:24:22,REGULAR
80,Carlos Whitney,carlos.whitney80@gmail.com,2025-05-02 04:02:05,REGULAR
81,Kristen Patterson,kristen.patterson81@gmail.com,2026-02-20 03:37:15,REGULAR
82,Tony Vazquez,tony.vazquez82@gmail.com,2024-03-29 08:37:27,REGULAR
83,Sandra Aguilar,sandra.aguilar83@gmail.com,2024-10-15 16:03:24,REGULAR
84,Andrew Diaz,andrew.diaz84@gmail.com,2024-12-31 09:02:12,VIP
85,Christine Wright,christine.wright85@gmail.com,2026-06-03 23:02:19,REGULAR
86,Justin Baxter,justin.baxter86@hotmail.com,2024-05-07 08:33:46,REGULAR
87,Tammy Young,tammy.young87@gmail.com,2026-03-23 02:45:08,REGULAR
88,Rita Keith,rita.keith88@gmail.com,2025-05-03 01:37:24,REGULAR
89,Tim Patton,tim.patton89@yahoo.com,2025-04-11 00:42:06,VIP
90,Sharon Cochran,sharon.cochran90example.com,2024-04-22 16:36:12,REGULAR
91,Richard Rodriguez,richard.rodriguez91@gmail.com,2024-11-27 02:58:07,REGULAR
92,Courtney Velasquez,courtney.velasquez92@yahoo.com,2025-06-26 03:59:32,PREMIUM
93,Robert Savage,robert.savage93@gmail.com,2025-07-28 00:58:06,REGULAR
94,Corey Murphy,corey.murphy94@gmail.com,2026-04-23 20:38:00,PREMIUM
95,Diana May,diana.may95@,2026-04-01 16:20:18,VIP
96,William Herrera,william.herrera96@gmail.com,2024-06-09 21:59:04,REGULAR
97,Wesley White,wesley.white97@yahoo.com,2024-06-28 07:29:33,PREMIUM
98,Kyle Reed,kyle.reed98@yahoo.com,2024-08-29 11:31:05,PREMIUM
99,William Wilson,william.wilson99@hotmail.com,2025-06-16 15:30:13,PREMIUM
100,Andrew Graham,andrew.graham100@hotmail.com,2025-02-14 02:01:59,REGULAR
101,Kimberly Ball,kimberly.ball101@hotmail.com,2024-03-19 21:55:12,REGULAR
102,Christina Reynolds,christina.reynolds102@hotmail.com,2025-03-05 19:23:11,REGULAR
103,Lisa Alvarado,lisa.alvarado103@gmail.com,2024-07-22 05:18:37,REGULAR
104,Elizabeth Parker,elizabeth.parker104@yahoo.com,2025-11-17 08:49:18,REGULAR
105,Michael Spencer,michael.spencer105@gmail.com,2024-01-16 00:30:45,VIP
106,Todd Byrd,todd.byrd106@gmail.com,2024-08-19 13:08:47,PREMIUM
107,Elizabeth Kelley,elizabeth.kelley107@gmail.com,2026-06-23 21:31:50,REGULAR
108,Daniel Floyd,daniel.floyd108@hotmail.com,2024-03-05 23:29:34,PREMIUM
109,Julie Ramos,julie.ramos109@gmail.com,2024-03-02 23:23:19,REGULAR
110,Rebecca Moyer,rebecca.moyer110@hotmail.com,2025-01-22 15:08:34,REGULAR
111,Bradley Robertson,bradley.robertson111@hotmail.com,2026-05-19 17:58:13,REGULAR
112,Anna Crane,anna.crane112@gmail.com,2024-08-28 02:09:57,REGULAR
113,Courtney Gonzalez,courtney.gonzalez113@gmail.com,2024-09-09 10:30:17,PREMIUM
114,William Carr,william.carr114@gmail.com,2025-10-02 11:26:59,PREMIUM
115,Stephen Johnston,stephen.johnston115@hotmail.com,2025-05-31 00:46:18,REGULAR
116,Kathleen Sanchez,kathleen.sanchez116@hotmail.com,2025-01-20 12:20:43,PREMIUM
117,Stephanie Dalton,stephanie.dalton117@gmail.com,2024-06-16 22:05:49,REGULAR
118,Colleen Brock,colleen.brock118@hotmail.com,2026-01-01 04:35:45,PREMIUM
119,Amber Wright,amber.wright119@gmail.com,2025-12-16 01:20:54,PREMIUM
120,Robert Contreras,robert.contreras120@hotmail.com,2024-12-19 13:22:29,PREMIUM
121,Tiffany Vance,tiffany.vance121@hotmail.com,2025-09-10 23:53:18,PREMIUM
122,Stephanie Simmons,stephanie.simmons122@hotmail.com,2025-03-09 14:32:02,REGULAR
123,Christopher Hensley,christopher.hensley123@yahoo.com,2026-04-12 23:34:17,REGULAR
124,David Walsh,david.walsh124@hotmail.com,2025-02-09 18:48:30,VIP
125,Mr. Jeremiah Reeves,mr..jeremiah.reeves125@gmail.com,2025-02-16 09:18:12,REGULAR
126,Francisco Fernandez,francisco.fernandez126@gmail.com,2025-06-21 00:08:58,REGULAR
127,James Hernandez,james.hernandez127@gmail.com,2026-03-05 11:14:01,PREMIUM
128,Jason Daniels,jason.daniels128@yahoo.com,2024-10-22 06:39:01,PREMIUM
129,Ross Price,ross.price129@hotmail.com,2024-01-03 15:03:19,PREMIUM
130,Alicia Gilmore,alicia.gilmore130@hotmail.com,2024-11-02 02:00:07,REGULAR
131,Aaron Bell,aaron.bell131@yahoo.com,2025-05-27 22:44:58,PREMIUM
132,Tiffany Barnes,tiffany.barnes132@hotmail.com,2024-07-12 14:22:06,REGULAR
133,Rebecca Hurst,rebecca.hurst133@yahoo.com,2025-04-25 10:58:04,REGULAR
134,Jeffrey Johnson,jeffrey.johnson134@yahoo.com,2025-04-04 06:49:29,REGULAR
135,Rebecca Ramsey,rebecca.ramsey135@yahoo.com,2025-08-11 23:33:37,VIP
136,Veronica Ferguson,veronica.ferguson136@yahoo.com,2026-06-03 01:46:54,REGULAR
137,Mary Miller,mary.miller137@yahoo.com,2024-01-01 15:08:04,REGULAR
138,Joel Williams,joel.williams138@yahoo.com,2026-06-19 23:23:59,REGULAR
139,Jesse Rogers,jesse.rogers139@yahoo.com,2025-11-17 06:58:35,REGULAR
140,Trevor Fisher,trevor.fisher140@gmail.com,2026-01-05 01:39:34,VIP
141,Paul Williams,paul.williams141@yahoo.com,2024-09-20 14:33:13,REGULAR
142,Barry Bernard,barry.bernard142@gmail.com,2025-06-04 16:43:26,VIP
143,Tiffany Gonzalez,tiffany.gonzalez143@gmail.com,2024-12-30 20:32:09,REGULAR
144,Cynthia Wells,cynthia.wells144@gmail.com,2024-11-05 08:06:07,REGULAR
145,Claudia Lyons,claudia.lyons145@yahoo.com,2026-01-08 02:22:00,PREMIUM
146,Lawrence Adkins,lawrence.adkins146@gmail.com,2025-12-08 11:08:43,PREMIUM
147,Carla Collins,carla.collins147@hotmail.com,2024-10-29 01:04:15,REGULAR
148,Eric Byrd,eric.byrd148@yahoo.com,2025-09-12 20:08:19,PREMIUM
149,Miguel Jones,miguel.jones149@hotmail.com,2024-01-09 14:43:32,PREMIUM
150,Dana Terry,dana.terry150@yahoo.com,2024-06-14 13:51:44,REGULAR
151,Lindsay Martinez,lindsay.martinez151@hotmail.com,2026-03-15 14:51:52,REGULAR
152,Hannah Patterson,hannah.patterson152@yahoo.com,2024-07-07 12:34:35,PREMIUM
153,Matthew Smith,matthew.smith153@yahoo.com,2026-04-05 02:01:54,REGULAR
154,Ashley Yu,ashley.yu154@hotmail.com,2025-11-18 12:19:59,PREMIUM
155,Julia Hernandez,julia.hernandez155@gmail.com,2026-02-23 03:29:38,VIP
156,Tracie Nelson,tracie.nelson156@hotmail.com,2025-11-23 16:51:51,PREMIUM
157,Julie Petersen,julie.petersen157@hotmail.com,2026-01-07 09:08:44,PREMIUM
158,Samuel Rivas,samuel.rivas158@gmail.com,2025-03-06 18:54:59,REGULAR
159,Jerry Christensen,jerry.christensen159@hotmail.com,2025-01-06 15:43:56,REGULAR
160,Jamie Johnson,jamie.johnson160@yahoo.com,2025-03-19 20:43:03,REGULAR
161,Daniel Salinas,daniel.salinas161@yahoo.com,2026-04-19 02:20:04,REGULAR
162,Kyle Beard,kyle.beard162@hotmail.com,2025-08-18 00:35:26,PREMIUM
163,Travis Miller,travis.miller163@hotmail.com,2024-04-09 18:37:30,REGULAR
164,Justin Allen,justin.allen164@yahoo.com,2025-12-24 18:55:01,REGULAR
165,Katherine Mcguire,katherine.mcguire165@gmail.com,2025-10-14 16:05:08,PREMIUM
166,Jared Sanchez,jared.sanchez166@hotmail.com,2024-01-31 08:12:14,PREMIUM
167,Kara Schmidt,kara.schmidt167@yahoo.com,2025-08-13 21:37:57,VIP
168,Krista Bell MD,krista.bell.md168@yahoo.com,2025-04-08 21:05:11,PREMIUM
169,Bryan Lee,bryan.lee169@gmail.com,2025-10-12 22:14:44,PREMIUM
170,Tiffany Vaughn,tiffany.vaughn170@gmail.com,2024-12-08 14:16:42,REGULAR
171,John Hardy,john.hardy171@hotmail.com,2026-01-24 10:02:45,REGULAR
172,Veronica Wall,veronica.wall172@yahoo.com,2025-09-20 02:01:04,PREMIUM
173,Christopher Smith,christopher.smith173@hotmail.com,2024-07-17 06:18:32,REGULAR
174,Angel Brown,angel.brown174@yahoo.com,2025-09-04 02:08:23,PREMIUM
175,Beth Oneill,beth.oneill175@yahoo.com,2024-05-10 09:47:17,REGULAR
176,Adam Mitchell,adam.mitchell176@yahoo.com,2025-12-18 05:21:56,REGULAR
177,Cody Williams,cody.williams177@yahoo.com,2025-05-23 12:35:31,REGULAR
178,Austin Vasquez,austin.vasquez178@hotmail.com,2025-08-11 22:50:59,VIP
179,Amy Hernandez,amy.hernandez179@hotmail.com,2025-10-16 21:04:33,REGULAR
180,Angela Wright,angela.wright180@hotmail.com,2024-01-31 02:39:40,REGULAR
181,Lisa Gibbs,lisa.gibbs181@gmail.com,2025-06-27 15:28:02,REGULAR
182,Jamie Kerr,jamie.kerr182@yahoo.com,2024-03-03 12:55:55,VIP
183,Wanda Torres,wanda.torres183@hotmail.com,2024-11-05 16:42:17,PREMIUM
184,Tyler Garcia,tyler.garcia184@gmail.com,2025-01-05 13:36:00,PREMIUM
185,Deborah Miller,deborah.miller185@gmail.com,2026-05-26 02:18:35,REGULAR
186,Benjamin Smith,benjamin.smith186@yahoo.com,2025-02-02 01:27:26,REGULAR
187,Julie Johnson,julie.johnson187@yahoo.com,2024-06-26 22:05:41,REGULAR
188,Michele Gibson,michele.gibson188@hotmail.com,2025-04-28 04:22:17,REGULAR
189,Dennis Moody,dennis.moody189@hotmail.com,2025-04-29 14:36:32,VIP
190,Taylor Coleman,taylor.coleman190@hotmail.com,2025-08-06 00:27:27,PREMIUM
191,Chase Baker,chase.baker191@gmail.com,2024-04-28 01:21:14,PREMIUM
192,Christopher Parker,christopher.parker192@hotmail.com,2025-01-12 06:04:52,PREMIUM
193,Tammy Gonzales,tammy.gonzales193@yahoo.com,2024-07-07 01:15:35,REGULAR
194,Melissa Bender,melissa.bender194@hotmail.com,2024-03-04 19:10:05,REGULAR
195,Jessica George,jessica.george195@yahoo.com,2025-07-29 15:53:01,PREMIUM
196,Lindsey Johnson,lindsey.johnson196@gmail.com,2024-01-20 15:42:22,PREMIUM
197,Sara Johnston,sara.johnston197@gmail.com,2024-06-12 22:46:27,REGULAR
198,Miss Debra Williams PhD,miss.debra.williams.phd198@yahoo.com,2025-12-15 04:19:30,REGULAR
199,Jessica Ramirez,jessica.ramirez199@hotmail.com,2026-03-21 12:07:42,REGULAR
200,Robert Costa,robert.costa200@yahoo.com,2026-04-16 00:32:24,REGULAR
201,Gary Santiago,gary.santiago201@gmail.com,2026-07-09 09:03:17,PREMIUM
202,Michael Roberts,michael.roberts202@yahoo.com,2024-05-14 15:01:37,REGULAR
203,Krista Gibson,krista.gibson203@yahoo.com,2025-12-22 21:35:14,PREMIUM
204,Brian Barton,brian.barton204@hotmail.com,2025-06-06 13:46:30,PREMIUM
205,April Booth,april.booth205@yahoo.com,2024-10-09 11:28:52,REGULAR
206,Cody Cox,cody.cox206@yahoo.com,2025-02-05 08:04:33,PREMIUM
207,Olivia Harris,olivia.harris207@hotmail.com,2025-03-05 04:02:20,REGULAR
208,Dwayne Gilmore,dwayne.gilmore208@yahoo.com,2024-10-23 19:05:59,PREMIUM
209,William Lynch,william.lynch209@gmail.com,2026-01-28 23:30:08,REGULAR
210,Emily Smith,emily.smith210@yahoo.com,2026-01-09 14:02:15,REGULAR
211,Willie Durham,willie.durham211@yahoo.com,2024-01-27 18:52:31,REGULAR
212,Maria Moore,maria.moore212@hotmail.com,2025-01-12 23:04:26,REGULAR
213,Michael Perry,michael.perry213@yahoo.com,2026-01-05 04:25:47,REGULAR
214,Mrs. Kristen Reyes,mrs..kristen.reyes214@hotmail.com,2026-05-04 23:58:10,PREMIUM
215,Sherry Shields,sherry.shields215@yahoo.com,2025-02-24 20:29:47,REGULAR
216,Sarah Morgan,sarah.morgan216@hotmail.com,2024-10-26 04:03:46,PREMIUM
217,Aaron Barber,aaron.barber217@hotmail.com,2024-10-14 14:53:11,PREMIUM
218,Mary Grimes,mary.grimes218@yahoo.com,2025-03-05 12:39:11,VIP
219,Haley Arnold,haley.arnold219@hotmail.com,2026-03-25 23:52:48,VIP
220,Timothy Kane,timothy.kane220@hotmail.com,2024-10-28 13:13:40,REGULAR
221,James Chase,james.chase221example.com,2025-04-14 13:21:09,REGULAR
222,Evan Kennedy,evan.kennedy222@yahoo.com,2024-03-25 16:52:38,PREMIUM
223,Matthew Hoover,matthew.hoover223@gmail.com,2024-07-15 04:02:26,PREMIUM
224,Andrew Shaw MD,andrew.shaw.md224@gmail.com,2024-06-08 08:44:40,REGULAR
225,Jessica Fox,jessica.fox225@yahoo.com,2025-12-30 04:23:11,REGULAR
226,Charles Pitts,charles.pitts226@gmail.com,2024-03-20 19:27:46,PREMIUM
227,Richard Baker,richard.baker227@hotmail.com,2024-06-26 05:28:36,REGULAR
228,Marie Christian,marie.christian228@hotmail.com,2024-04-25 01:59:00,PREMIUM
229,Jamie Stewart,jamie.stewart229@hotmail.com,2024-08-23 16:47:34,REGULAR
230,Katherine Weaver,katherine.weaver230@hotmail.com,2025-04-16 23:48:32,REGULAR
231,Mark Mccall,mark.mccall231@gmail.com,2026-05-16 22:28:14,PREMIUM
232,Jessica Garcia,jessica.garcia232@hotmail.com,2024-12-16 14:13:34,REGULAR
233,Ashlee Jackson,ashlee.jackson233@yahoo.com,2025-11-18 17:50:07,REGULAR
234,Amber Flynn,amber.flynn234@yahoo.com,2025-10-28 03:56:06,PREMIUM
235,Jeffrey Sanchez,jeffrey.sanchez235@yahoo.com,2024-06-03 03:41:44,REGULAR
236,Rebecca Jackson,rebecca.jackson236@gmail.com,2024-11-23 19:35:22,REGULAR
237,Janet Vega,janet.vega237@yahoo.com,2025-01-07 14:49:19,REGULAR
238,Briana Murray,briana.murray238@yahoo.com,2024-01-05 03:45:29,PREMIUM
239,Michael Nolan,michael.nolan239@yahoo.com,2025-12-30 23:36:25,REGULAR
240,Megan Moore,megan.moore240@yahoo.com,2025-03-15 04:30:17,REGULAR
241,Victoria Evans,victoria.evans241@yahoo.com,2024-12-28 14:40:12,PREMIUM
242,Joyce Turner,joyce.turner242@yahoo.com,2026-07-05 04:56:58,VIP
243,Ashley James,ashley.james243@yahoo.com,2025-10-22 10:19:46,REGULAR
244,Wendy Phillips,wendy.phillips244@hotmail.com,2024-08-19 10:43:38,PREMIUM
245,Adam Grimes,adam.grimes245@hotmail.com,2024-04-20 22:21:06,PREMIUM
246,Susan Mcgee,susan.mcgee246@yahoo.com,2026-07-13 08:50:58,REGULAR
247,Crystal Pham,crystal.pham247@gmail.com,2025-03-24 08:10:57,REGULAR
248,Lisa Byrd,lisa.byrd248@hotmail.com,2025-04-17 09:20:28,VIP
249,Melanie Taylor,melanie.taylor249@gmail.com,2026-02-16 10:57:18,REGULAR
250,Maria Parker,maria.parker250@yahoo.com,2026-07-18 00:25:22,REGULAR
251,Jacob Anderson,jacob.anderson251@yahoo.com,2025-05-15 17:01:10,REGULAR
252,Jason Gonzalez,jason.gonzalez252@hotmail.com,2024-12-21 14:55:14,PREMIUM
253,Holly Shaw,holly.shaw253@yahoo.com,2026-06-12 12:58:37,REGULAR
254,Dawn Summers,dawn.summers254@yahoo.com,2025-02-22 16:05:57,PREMIUM
255,Elizabeth Harrell,elizabeth.harrell255@gmail.com,2024-09-29 03:35:01,PREMIUM
256,Bernard Webster,bernard.webster256@gmail.com,2025-03-08 02:25:43,REGULAR
257,Misty Whitney,misty.whitney257@hotmail.com,2026-02-02 20:51:59,REGULAR
258,Richard Smith,richard.smith258@hotmail.com,2025-09-26 08:19:13,PREMIUM
259,Jacob Curry,jacob.curry259@yahoo.com,2024-09-06 19:59:06,PREMIUM
260,Samantha Bentley,samantha.bentley260@gmail.com,2025-03-23 17:32:17,REGULAR
261,Kaitlyn Harvey,kaitlyn.harvey261@hotmail.com,2026-05-04 13:05:17,REGULAR
262,Leonard Holland,leonard.holland262@hotmail.com,2025-01-27 02:06:40,VIP
263,Susan Turner,susan.turner263@yahoo.com,2025-09-19 20:44:17,PREMIUM
264,Andrew Johnson,andrew.johnson264@yahoo.com,2024-01-02 18:54:53,REGULAR
265,David Medina,david.medina265@yahoo.com,2025-10-03 22:59:10,REGULAR
266,Michael Paul,michael.paul266@hotmail.com,2026-02-13 09:10:11,PREMIUM
267,Patrick Moore,patrick.moore267@yahoo.com,2024-11-12 05:12:04,REGULAR
268,Sandra Gilbert,sandra.gilbert268@yahoo.com,2025-03-23 10:30:17,PREMIUM
269,Jacob Ramos,jacob.ramos269@gmail.com,2024-07-07 15:05:33,PREMIUM
270,Ariana Jennings,ariana.jennings270@hotmail.com,2025-01-06 17:39:21,REGULAR
271,Maria Brown,maria.brown271@yahoo.com,2024-01-22 05:49:15,REGULAR
272,Bryan Charles,bryan.charles272@yahoo.com,2024-06-25 06:08:13,REGULAR
273,Daniel Fowler,daniel.fowler273@gmail.com,2024-08-27 04:27:34,PREMIUM
274,Gavin Zhang,gavin.zhang274@hotmail.com,2026-03-01 12:07:25,REGULAR
275,Ronald Spencer,ronald.spencer275@hotmail.com,2026-01-19 12:53:16,REGULAR
276,Sergio Murphy,sergio.murphy276@gmail.com,2026-05-06 08:39:06,REGULAR
277,Linda Ramirez,linda.ramirez277@gmail.com,2026-02-28 12:35:37,REGULAR
278,Ms. Rebecca Rodriguez,ms..rebecca.rodriguez278@gmail.com,2024-04-18 10:42:30,PREMIUM
279,Hunter Kramer,hunter.kramer279@hotmail.com,2025-10-06 14:10:29,PREMIUM
280,Christopher Williams,christopher.williams280@hotmail.com,2025-02-19 00:55:07,REGULAR
281,Brian Brown,brian.brown281@yahoo.com,2025-04-08 18:58:07,REGULAR
282,Kayla Rodriguez,kayla.rodriguez282@hotmail.com,2026-01-30 15:06:54,REGULAR
283,Luis Acosta,luis.acosta283@hotmail.com,2026-01-22 09:33:20,REGULAR
284,Judith Maynard,judith.maynard284@gmail.com,2026-04-24 04:32:28,VIP
285,Dr. Jessica Rodriguez DDS,dr..jessica.rodriguez.dds285@yahoo.com,2024-10-20 01:28:12,REGULAR
286,Bobby Franklin,bobby.franklin286@gmail.com,2025-08-17 22:11:17,PREMIUM
287,Marcus Richards,marcus.richards287@hotmail.com,2024-03-08 19:17:21,REGULAR
288,Zachary Schmidt,zachary.schmidt288@yahoo.com,2025-08-15 05:19:38,PREMIUM
289,Jessica Mcguire,jessica.mcguire289@gmail.com,2024-08-24 06:53:50,REGULAR
290,Marilyn Mack,marilyn.mack290@hotmail.com,2026-02-19 06:46:16,REGULAR
291,Jessica Beasley,jessica.beasley291@yahoo.com,2024-06-04 21:51:48,REGULAR
292,Jesse Perry,jesse.perry292@gmail.com,2026-03-28 00:52:39,REGULAR
293,Erik Scott,erik.scott293@gmail.com,2024-08-11 22:30:12,PREMIUM
294,Kara Davis,kara.davis294@gmail.com,2024-08-27 19:00:12,PREMIUM
295,Brent Rodgers,brent.rodgers295@gmail.com,2025-02-15 16:45:55,PREMIUM
296,Laurie Hoffman,laurie.hoffman296@yahoo.com,2024-05-04 18:22:19,PREMIUM
297,Jennifer Russo,jennifer.russo297@yahoo.com,2026-04-08 22:52:54,REGULAR
298,Michelle Schmitt,michelle.schmitt298@hotmail.com,2026-01-28 00:00:02,REGULAR
299,Brian Romero,brian.romero299@gmail.com,2024-04-16 06:54:37,PREMIUM
300,Courtney Rodriguez,courtney.rodriguez300@hotmail.com,2025-03-22 10:15:56,PREMIUM
301,Phillip Andrews,phillip.andrews301@yahoo.com,2025-11-05 03:37:44,PREMIUM
302,Vanessa Cardenas,vanessa.cardenas302@hotmail.com,2024-06-05 03:10:53,PREMIUM
303,Kristin Lynch,kristin.lynch303@hotmail.com,2024-02-14 23:13:54,PREMIUM
304,Debra White,debra.white304@hotmail.com,2025-03-31 17:32:36,REGULAR
305,Tammy Bell,tammy.bell305@gmail.com,2025-01-14 08:20:24,REGULAR
306,Kylie Morales,kylie.morales306@gmail.com,2024-10-06 17:00:26,REGULAR
307,Valerie Davis,valerie.davis307@hotmail.com,2025-08-17 06:17:06,REGULAR
308,Jason Peterson,jason.peterson308@yahoo.com,2026-06-24 21:40:25,REGULAR
309,Frederick Pugh,frederick.pugh309@hotmail.com,2025-01-29 12:57:41,PREMIUM
310,Anthony Moore,anthony.moore310@hotmail.com,2025-12-23 17:53:54,PREMIUM
311,Brad Ramos,brad.ramos311@yahoo.com,2024-09-02 09:45:29,VIP
312,Mr. Donald Fischer,mr..donald.fischer312@gmail.com,2026-07-01 18:15:39,VIP
313,Brian Gregory,brian.gregory313@hotmail.com,2025-01-23 12:20:15,REGULAR
314,Mr. Andrew Foster,mr..andrew.foster314@hotmail.com,2025-08-20 14:24:13,REGULAR
315,Dan Dougherty,dan.dougherty315@gmail.com,2025-08-15 10:17:29,REGULAR
316,Donna Wilson,donna.wilson316@yahoo.com,2025-04-03 15:00:01,PREMIUM
317,Casey James,casey.james317@hotmail.com,2025-09-06 20:42:27,REGULAR
318,Justin Barnett,justin.barnett318@yahoo.com,2024-03-17 04:30:07,PREMIUM
319,Scott Williams,scott.williams319@gmail.com,2025-03-20 14:05:28,REGULAR
320,Blake Edwards,blake.edwards320@yahoo.com,2025-07-01 07:28:38,REGULAR
321,Michelle Butler,michelle.butler321@gmail.com,2025-01-24 08:02:39,PREMIUM
322,Vincent Jackson,vincent.jackson322@hotmail.com,2024-07-31 11:29:58,VIP
323,Michael Cox,michael.cox323@yahoo.com,2024-03-02 05:46:48,REGULAR
324,Dana Chapman,dana.chapman324@hotmail.com,2026-06-19 08:04:39,REGULAR
325,Seth Reese,seth.reese325@gmail.com,2025-04-03 10:30:54,REGULAR
326,Christopher Dixon,christopher.dixon326@gmail.com,2024-11-07 22:10:21,REGULAR
327,Cheyenne Parsons,cheyenne.parsons327@yahoo.com,2025-07-22 08:09:26,VIP
328,Sabrina Briggs,sabrina.briggs328@gmail.com,2024-09-12 14:39:38,PREMIUM
329,David Thompson,david.thompson329@gmail.com,2026-01-18 12:35:20,REGULAR
330,Mary Thompson,mary.thompson330@hotmail.com,2025-06-10 04:13:11,REGULAR
331,Paul Wolf MD,paul.wolf.md331@hotmail.com,2024-04-26 23:21:49,VIP
332,Victoria Morris,victoria.morris332@hotmail.com,2025-09-09 08:34:27,PREMIUM
333,Jeremiah Harrison,jeremiah.harrison333@hotmail.com,2025-07-22 05:04:56,REGULAR
334,Donald Brown,donald.brown334@hotmail.com,2025-02-14 19:43:49,REGULAR
335,Joel Johnson,joel.johnson335@yahoo.com,2025-02-11 06:05:08,PREMIUM
336,Angela Lin,angela.lin336@gmail.com,2025-07-31 01:32:28,REGULAR
337,Katie Ford,katie.ford337@hotmail.com,2024-02-08 20:59:11,VIP
338,Nancy Williams,nancy.williams338@hotmail.com,2025-05-24 12:57:37,REGULAR
339,Erica Alvarez,erica.alvarez339@gmail.com,2024-04-08 04:54:07,REGULAR
340,Joanna Shepherd,joanna.shepherd340@yahoo.com,2025-04-14 10:27:58,REGULAR
341,Mrs. Maria Williams,mrs..maria.williams341@hotmail.com,2024-03-11 10:39:05,REGULAR
342,Jeffrey Mills,jeffrey.mills342@gmail.com,2026-02-04 06:22:37,REGULAR
343,Thomas Hughes,thomas.hughes343@yahoo.com,2026-04-15 01:11:24,REGULAR
344,Amy Mccoy,amy.mccoy344@yahoo.com,2026-04-19 03:50:09,PREMIUM
345,Brandon Gregory,brandon.gregory345@yahoo.com,2024-08-28 01:01:52,PREMIUM
346,Samuel Brandt,samuel.brandt346@hotmail.com,2026-01-30 04:10:47,VIP
347,Felicia Aguilar,felicia.aguilar347@gmail.com,2025-03-10 13:28:06,REGULAR
348,Emily Douglas,emily.douglas348@hotmail.com,2025-11-19 18:31:10,REGULAR
349,Kurt Hurley,kurt.hurley349@yahoo.com,2025-07-17 09:54:56,PREMIUM
350,Maria Murphy,maria.murphy350@gmail.com,2026-04-25 19:09:30,PREMIUM
351,Sandra Rodgers,sandra.rodgers351@hotmail.com,2024-04-04 01:28:15,REGULAR
352,Anna Santiago,anna.santiago352@hotmail.com,2024-07-08 18:26:39,PREMIUM
353,Jack White,jack.white353@gmail.com,2024-05-22 09:49:58,PREMIUM
354,Ralph Lee,ralph.lee354@gmail.com,2026-07-16 15:12:53,REGULAR
355,Edward French,edward.french355@hotmail.com,2025-06-02 02:07:21,REGULAR
356,Sandy Stephenson,sandy.stephenson356@gmail.com,2026-05-27 00:59:33,PREMIUM
357,Sherri Williamson,sherri.williamson357@hotmail.com,2026-05-10 22:21:50,REGULAR
358,Christopher Guerra,christopher.guerra358@hotmail.com,2024-12-27 22:49:13,REGULAR
359,Carol Kim,carol.kim359example.com,2026-07-14 19:48:21,VIP
360,Michael Young,michael.young360@yahoo.com,2026-04-19 04:41:31,REGULAR
361,Nicole Bowers,nicole.bowers361@gmail.com,2024-02-10 01:09:13,REGULAR
362,Emily Stokes,emily.stokes362@yahoo.com,2025-01-04 14:43:59,REGULAR
363,Cheyenne Gregory,cheyenne.gregory363@hotmail.com,2025-02-16 05:37:04,PREMIUM
364,Mrs. Diane Reyes,mrs..diane.reyes364@hotmail.com,2026-03-28 05:53:24,REGULAR
365,Christopher Gonzalez,christopher.gonzalez365@hotmail.com,2025-11-27 08:54:40,REGULAR
366,David Davidson,david.davidson366@yahoo.com,2024-06-18 09:49:41,REGULAR
367,Ashley Singleton,ashley.singleton367@gmail.com,2024-03-08 08:45:56,VIP
368,Phillip Nelson,phillip.nelson368@hotmail.com,2026-03-21 01:06:37,PREMIUM
369,Jeffrey Potts,jeffrey.potts369@gmail.com,2024-02-18 09:22:48,REGULAR
370,Stacey Arias,stacey.arias370@yahoo.com,2025-09-15 21:22:35,REGULAR
371,Jonathan Young,jonathan.young371@gmail.com,2025-11-20 01:12:08,REGULAR
372,Alfred Galvan,alfred.galvan372@hotmail.com,2024-08-18 10:17:09,REGULAR
373,Raven Taylor,raven.taylor373@yahoo.com,2026-06-28 07:58:38,REGULAR
374,Kaitlyn Guerra,kaitlyn.guerra374@hotmail.com,2026-07-17 00:22:57,REGULAR
375,Luis Bullock,luis.bullock375@gmail.com,2025-10-30 06:59:36,PREMIUM
376,Ruben Dunn,ruben.dunn376@hotmail.com,2026-05-06 11:16:01,REGULAR
377,Jenny Parsons,jenny.parsons377@gmail.com,2025-12-02 11:11:14,REGULAR
378,Anthony Barnes,anthony.barnes378@hotmail.com,2025-12-05 11:39:52,PREMIUM
379,Brian Stein,brian.stein379@hotmail.com,2025-04-30 12:38:49,PREMIUM
380,Lynn Andrews,lynn.andrews380@hotmail.com,2025-08-04 10:57:12,PREMIUM
381,Jeffrey Mendez,jeffrey.mendez381@gmail.com,2026-01-06 17:59:18,PREMIUM
382,Chelsea Barnett,chelsea.barnett382@hotmail.com,2024-05-24 19:52:12,PREMIUM
383,Andrea Fox,andrea.fox383@hotmail.com,2025-08-01 21:16:54,REGULAR
384,Katie Smith,katie.smith384@yahoo.com,2026-06-30 01:00:10,REGULAR
385,James Brooks,james.brooks385@hotmail.com,2024-07-08 21:06:45,PREMIUM
386,Richard Cooper,richard.cooper386@hotmail.com,2025-10-19 00:13:43,PREMIUM
387,Ashley Perkins,ashley.perkins387@yahoo.com,2025-03-22 19:36:05,REGULAR
388,Harold Morgan,harold.morgan388@hotmail.com,2026-06-16 18:21:50,REGULAR
389,Richard Marshall,richard.marshall389@hotmail.com,2026-01-19 01:19:25,REGULAR
390,Clarence Taylor,clarence.taylor390@hotmail.com,2026-05-14 03:04:48,PREMIUM
391,Judith Carter,judith.carter391@gmail.com,2026-06-10 19:59:58,REGULAR
392,Stacey Stewart,stacey.stewart392@yahoo.com,2026-05-21 10:19:01,PREMIUM
393,Virginia Daniels,virginia.daniels393@yahoo.com,2026-05-14 20:45:45,VIP
394,Matthew Mitchell,matthew.mitchell394@gmail.com,2025-02-19 11:10:26,REGULAR
395,Evelyn Martinez,evelyn.martinez395@yahoo.com,2025-04-24 23:47:02,REGULAR
396,James Gonzales,james.gonzales396@yahoo.com,2024-10-08 19:17:21,REGULAR
397,Cody Holt,cody.holt397@yahoo.com,2025-09-14 14:19:24,PREMIUM
398,Kelly Owen,kelly.owen398@hotmail.com,2024-02-17 14:58:46,REGULAR
399,Jeffrey Carney,jeffrey.carney399@gmail.com,2025-08-07 09:32:38,REGULAR
400,Erica Miller,erica.miller400@hotmail.com,2025-07-28 20:34:45,REGULAR
401,Jeremy Robbins,jeremy.robbins401@gmail.com,2026-05-31 17:25:17,PREMIUM
402,Heather Williams,heather.williams402@yahoo.com,2024-08-29 16:26:21,PREMIUM
403,Jessica Fowler,jessica.fowler403@gmail.com,2024-05-06 17:34:47,PREMIUM
404,Mark Cox,mark.cox404@hotmail.com,2026-01-24 10:46:50,REGULAR
405,Tiffany Thomas,tiffany.thomas405@hotmail.com,2024-11-30 20:59:36,REGULAR
406,Jessica Martinez,jessica.martinez406@gmail.com,2025-10-29 20:20:31,PREMIUM
407,Holly Reyes,holly.reyes407@hotmail.com,2026-07-10 09:38:51,PREMIUM
408,Christian Cole,christian.cole408@yahoo.com,2024-03-11 13:16:55,VIP
409,Phillip Berry,phillip.berry409@,2024-03-26 02:25:10,VIP
410,Jennifer Banks,jennifer.banks410@gmail.com,2024-08-01 04:29:03,REGULAR
411,Allison Lopez,allison.lopez411@,2024-07-05 09:20:26,REGULAR
412,Susan Wilson,susan.wilson412@yahoo.com,2025-08-13 15:09:39,REGULAR
413,Cindy Carr,cindy.carr413@hotmail.com,2026-05-17 22:43:27,PREMIUM
414,Katherine Martinez,katherine.martinez414@gmail.com,2024-04-21 23:10:09,PREMIUM
415,Steven Wallace,steven.wallace415example.com,2025-11-08 15:26:43,PREMIUM
416,Michael Bruce,michael.bruce416@yahoo.com,2026-06-13 09:51:26,REGULAR
417,Michelle Pierce,michelle.pierce417@yahoo.com,2025-10-10 20:45:34,REGULAR
418,Sarah Joseph,sarah.joseph418@hotmail.com,2025-05-19 12:14:07,VIP
419,Rebecca Hicks,rebecca.hicks419@gmail.com,2025-12-15 17:39:20,VIP
420,Dr. Cynthia Snyder,dr..cynthia.snyder420@yahoo.com,2024-05-16 21:43:12,REGULAR
421,Jackie Lara,jackie.lara421@hotmail.com,2025-11-07 19:11:53,REGULAR
422,Stephen Jones,stephen.jones422@yahoo.com,2025-09-06 19:15:06,PREMIUM
423,Dr. Kelly Hammond DVM,dr..kelly.hammond.dvm423@gmail.com,2024-12-10 04:48:18,REGULAR
424,Evan Jones,evan.jones424@yahoo.com,2026-03-04 00:11:46,REGULAR
425,Haley Humphrey,haley.humphrey425@hotmail.com,2024-10-28 05:15:14,REGULAR
426,Catherine Burch,catherine.burch426@yahoo.com,2024-08-17 10:16:34,REGULAR
427,Sheena Guerra,sheena.guerra427@hotmail.com,2024-11-02 10:49:33,REGULAR
428,Christopher Morris,christopher.morris428@hotmail.com,2024-04-27 01:22:25,PREMIUM
429,Travis Stone,travis.stone429@yahoo.com,2026-02-06 14:01:04,REGULAR
430,Danielle Reid,danielle.reid430@hotmail.com,2026-06-19 04:08:10,VIP
431,Mario Mendez,mario.mendez431@gmail.com,2026-05-26 21:46:44,VIP
432,Caroline David,caroline.david432@gmail.com,2025-05-17 02:04:35,PREMIUM
433,Marcus Winters,marcus.winters433@yahoo.com,2024-08-22 12:05:59,REGULAR
434,Kristy Bryan,kristy.bryan434@gmail.com,2025-04-15 09:57:50,REGULAR
435,Travis Wise,travis.wise435@yahoo.com,2025-06-30 17:21:25,REGULAR
436,Pamela Butler,pamela.butler436@hotmail.com,2025-12-03 00:34:12,REGULAR
437,Stephen Gardner,stephen.gardner437@hotmail.com,2025-03-21 23:00:27,PREMIUM
438,Karen Ballard,karen.ballard438@hotmail.com,2024-05-20 06:29:51,REGULAR
439,Jesse Barker,jesse.barker439@gmail.com,2025-12-19 19:08:27,VIP
440,John Harris,john.harris440@hotmail.com,2024-03-04 17:26:15,PREMIUM
441,Scott Flores,scott.flores441@yahoo.com,2024-10-19 10:04:33,REGULAR
442,Bianca Wood,bianca.wood442@hotmail.com,2024-08-22 08:30:30,REGULAR
443,David Martinez,david.martinez443@yahoo.com,2025-06-17 12:17:17,REGULAR
444,Brent Roberts,brent.roberts444@yahoo.com,2024-09-25 01:27:45,PREMIUM
445,Jennifer Estes,jennifer.estes445@gmail.com,2025-11-13 14:49:54,PREMIUM
446,Taylor Griffith,taylor.griffith446@gmail.com,2025-07-19 07:05:57,REGULAR
447,Kathleen Robertson,kathleen.robertson447@yahoo.com,2025-09-27 00:01:39,PREMIUM
448,Kathleen Davis,kathleen.davis448@yahoo.com,2024-03-22 08:19:40,PREMIUM
449,Tracy Lewis,tracy.lewis449@yahoo.com,2024-04-12 09:22:19,REGULAR
450,Douglas Harper,douglas.harper450@hotmail.com,2025-08-23 12:09:29,PREMIUM
451,Donna Smith,donna.smith451@gmail.com,2024-08-21 14:19:26,REGULAR
452,Stephen Luna,stephen.luna452@yahoo.com,2024-08-07 16:49:55,REGULAR
453,James Hudson,james.hudson453@gmail.com,2025-08-31 21:15:10,PREMIUM
454,Dylan Hughes,dylan.hughes454@yahoo.com,2024-05-11 14:33:13,REGULAR
455,Diana Hays,diana.hays455@hotmail.com,2025-05-25 06:29:36,PREMIUM
456,Betty Davis,betty.davis456@yahoo.com,2026-03-28 17:21:58,PREMIUM
457,Gina Mcmillan,gina.mcmillan457@gmail.com,2026-02-28 21:49:29,REGULAR
458,Jordan Porter,jordan.porter458@gmail.com,2024-10-07 00:41:19,REGULAR
459,Micheal Brock,micheal.brock459@hotmail.com,2026-01-25 09:29:38,VIP
460,Larry Robertson,larry.robertson460@yahoo.com,2024-08-28 16:46:29,PREMIUM
461,Emily Long,emily.long461@hotmail.com,2024-06-06 02:48:03,REGULAR
462,Elizabeth Rogers,elizabeth.rogers462@hotmail.com,2026-03-28 22:31:19,REGULAR
463,Michelle Evans,michelle.evans463@gmail.com,2024-07-22 13:51:44,REGULAR
464,Michael Whitney,michael.whitney464@hotmail.com,2024-10-07 22:25:34,PREMIUM
465,Steven Wiggins,steven.wiggins465@hotmail.com,2024-09-14 03:44:50,REGULAR
466,John Coffey,john.coffey466@hotmail.com,2025-07-19 22:03:59,REGULAR
467,Mikayla Silva,mikayla.silva467@gmail.com,2025-11-21 00:55:41,PREMIUM
468,Michelle Hampton,michelle.hampton468@yahoo.com,2025-11-28 09:14:51,REGULAR
469,Michael Johnson,michael.johnson469@hotmail.com,2025-12-29 14:10:08,REGULAR
470,Albert Edwards,albert.edwards470@gmail.com,2026-06-05 02:46:34,REGULAR
471,Damon Shaw,damon.shaw471@hotmail.com,2025-03-13 17:12:41,REGULAR
472,Shelley Fitzgerald,shelley.fitzgerald472@gmail.com,2025-10-12 08:48:24,PREMIUM
473,Kelly Hoffman,kelly.hoffman473@hotmail.com,2024-08-02 23:52:16,REGULAR
474,James Frye,james.frye474@yahoo.com,2026-01-16 13:43:05,REGULAR
475,Gloria Gomez,gloria.gomez475@hotmail.com,2024-06-08 08:49:20,REGULAR
476,Regina Baker,regina.baker476@yahoo.com,2024-07-12 16:19:27,PREMIUM
477,David Grant,david.grant477@gmail.com,2025-02-27 18:23:48,REGULAR
478,Vickie Wise,vickie.wise478@hotmail.com,2025-11-10 14:09:33,VIP
479,Michael Stewart,michael.stewart479@yahoo.com,2025-12-01 19:16:13,VIP
480,Taylor Griffith,taylor.griffith480@yahoo.com,2025-10-06 12:28:40,REGULAR
481,Michael James,michael.james481@yahoo.com,2025-01-01 06:26:37,REGULAR
482,Tina Ballard,tina.ballard482@yahoo.com,2024-12-14 19:24:42,VIP
483,Tyler Miller,tyler.miller483@yahoo.com,2025-06-04 20:31:49,REGULAR
484,Nicole Lewis,nicole.lewis484@hotmail.com,2025-03-21 15:38:20,REGULAR
485,Justin Nelson,justin.nelson485@gmail.com,2024-08-03 14:33:59,REGULAR
486,Laurie Sanchez,laurie.sanchez486@hotmail.com,2024-01-09 03:46:43,REGULAR
487,Courtney Hall,courtney.hall487@gmail.com,2024-12-01 00:11:29,REGULAR
488,Mitchell Garcia,mitchell.garcia488@gmail.com,2026-03-30 20:44:52,PREMIUM
489,Joshua Hickman,joshua.hickman489@yahoo.com,2025-01-04 03:52:11,REGULAR
490,Shirley Alvarez,shirley.alvarez490@hotmail.com,2025-10-14 04:13:50,PREMIUM
491,Victor Morris,victor.morris491@hotmail.com,2024-04-07 13:37:13,VIP
492,Randy Pearson,randy.pearson492@gmail.com,2026-07-16 00:02:38,PREMIUM
493,Miranda Zuniga,miranda.zuniga493@gmail.com,2026-06-12 07:19:23,REGULAR
494,Ryan Peck,ryan.peck494@,2025-10-28 19:11:09,REGULAR
495,Russell French,russell.french495@gmail.com,2025-10-09 02:45:56,PREMIUM
496,Tonya Howe,tonya.howe496@gmail.com,2026-03-24 04:55:07,REGULAR
497,Keith Rodriguez,keith.rodriguez497@yahoo.com,2026-03-28 04:55:03,PREMIUM
498,William Daniels,william.daniels498@yahoo.com,2026-02-27 13:32:30,REGULAR
499,Brandi Gordon,brandi.gordon499@yahoo.com,2025-12-31 07:54:22,REGULAR
500,Brian Martin,brian.martin500@yahoo.com,2025-08-02 21:43:18,REGULAR
