item_id,order_id,product_id,quantity,unit_price,discount_percent
1,154,490,1,644.37,10
2,353,331,3,501.56,0
3,247,290,4,141.23,0
4,9,433,2,324.85,0
5,185,215,1,844.26,30
6,100,393,5,388.08,30
7,433,351,3,455.34,15
8,266,145,3,274.25,0
9,114,426,5,196.15,30
10,360,388,1,167.4,0
11,160,354,5,694.49,15
12,382,418,2,548.7,10
13,41,218,1,1039.38,25
14,56,17,1,459.74,10
15,6,387,5,215.41,5
16,47,75,5,205.59,0
17,314,124,5,292.45,30
18,145,88,1,1133.61,30
19,358,302,1,17.04,15
20,264,117,3,518.83,0
21,185,361,1,114.85,0
22,377,160,2,439.35,10
23,439,36,3,763.21,25
24,268,338,4,963.61,0
25,87,34,2,338.06,20
26,372,256,5,649.65,20
27,487,208,2,1015.02,0
28,119,322,-1,698.22,0
29,92,196,3,114.67,0
30,267,393,3,354.1,25
31,415,441,-1,237.38,20
32,231,162,1,388.51,30
33,453,362,3,568.28,25
34,252,338,4,889.67,0
35,254,303,3,1168.53,10
36,24,66,5,457.56,15
37,183,211,2,527.3,10
38,34,445,1,543.51,0
39,291,264,4,934.31,15
40,294,51,2,811.62,30
41,86,315,2,214.82,0
42,148,136,4,268.16,0
43,304,173,5,545.07,5
44,422,155,5,648.39,20
45,233,344,1,755.53,30
46,110,339,4,342.17,30
47,465,223,1,526.67,15
48,383,351,4,446.26,0
49,137,422,5,317.29,5
50,126,409,5,1008.73,20
51,82,140,3,536.0,0
52,370,249,1,565.73,10
53,209,460,1,708.26,0
54,257,478,5,402.15,30
55,122,308,3,497.83,20
56,479,217,2,120.6,25
57,29,252,1,220.22,20
58,143,451,4,1109.16,10
59,311,18,1,701.36,5
60,328,491,1,702.75,5
61,466,492,3,769.58,5
62,83,469,4,636.07,10
63,482,252,3,210.78,0
64,260,34,5,334.95,25
65,329,329,0,299.24,5
66,43,57,2,365.05,20
67,245,448,5,869.88,10
68,94,202,5,207.96,0
69,321,118,2,437.91,0
70,308,134,2,177.77,0
71,396,472,4,921.72,5
72,401,137,2,86.49,5
73,145,373,4,844.93,0
74,317,231,4,775.13,25
75,355,204,4,321.01,10
76,27,171,3,647.07,0
77,196,155,2,863.14,30
78,87,258,4,88.46,15
79,134,60,4,401.76,10
80,145,463,3,873.72,20
81,252,392,4,895.2,0
82,241,134,1,180.14,25
83,364,288,2,622.79,0
84,428,87,5,1038.59,5
85,270,393,1,373.76,25
86,14,146,4,399.1,0
87,42,236,4,806.72,10
89,409,29,5,600.78,20
90,395,444,-2,50.84,0
91,332,386,3,1158.41,20
92,463,351,1,403.44,30
93,199,244,1,399.43,15
94,219,48,4,506.84,0
95,332,269,1,186.84,25
96,351,463,4,593.87,0
97,263,56,4,674.64,10
98,394,258,4,58.69,0
99,214,449,4,404.86,25
100,495,471,2,327.52,10
101,274,10,2,237.16,25
102,495,382,5,952.63,15
103,346,203,2,173.48,0
104,97,440,2,509.55,20
105,276,98,2,476.15,0
106,379,360,1,493.79,5
107,427,201,-4,460.64,20
108,306,375,4,28.54,30
109,348,464,1,382.23,20
110,138,458,1,45.92,15
111,83,148,4,607.59,5
112,472,309,4,1068.58,10
113,214,427,3,342.52,0
114,384,45,2,666.7,25
115,253,156,1,418.85,10
116,424,441,1,294.78,0
117,115,250,3,323.52,30
118,354,448,1,754.58,25
119,387,57,5,640.92,0
120,54,86,3,686.29,10
121,256,376,3,720.48,0
122,497,213,-4,625.04,15
123,137,191,2,298.81,30
124,411,220,4,317.9,30
125,16,227,-5,65.99,0
126,396,85,1,498.31,0
127,324,366,3,873.98,30
128,161,466,5,166.88,0
129,106,455,4,732.41,20
130,44,19,2,231.3,30
131,283,160,2,394.14,30
132,397,156,1,596.76,15
133,64,25,4,771.88,0
134,413,382,5,1194.45,5
135,402,418,4,862.78,5
136,99,422,2,446.16,20
137,455,67,3,188.33,20
138,203,447,4,502.1,25
139,84,74,4,612.09,30
140,109,234,5,599.74,0
141,62,190,2,600.21,10
142,249,15,5,57.88,10
143,420,379,3,791.13,0
144,290,232,4,659.44,0
145,236,390,3,243.25,20
146,174,277,4,104.8,0
147,293,323,5,901.04,30
148,278,296,5,561.98,25
149,338,480,3,567.8,5
150,297,228,3,301.82,0
151,175,224,-5,369.83,15
152,51,278,3,307.5,0
153,87,31,1,130.06,10
154,212,458,1,36.45,5
155,253,261,1,625.53,15
156,248,15,1,44.92,0
157,403,65,1,500.34,30
158,192,277,5,206.41,30
160,349,195,2,203.27,30
161,274,289,1,111.33,30
162,108,313,3,698.22,25
163,165,175,3,391.44,0
165,404,449,1,391.11,25
166,417,193,2,671.36,0
167,99,228,3,279.27,15
168,321,156,4,626.39,0
169,362,311,4,107.32,10
170,283,100,5,200.06,0
171,66,133,5,565.25,10
172,497,355,5,485.28,0
173,483,333,4,616.5,20
174,239,254,2,229.8,20
175,201,100,1,158.97,5
176,39,470,3,752.41,0
177,13,304,3,565.85,25
178,28,421,1,747.43,25
179,297,64,1,54.28,0
180,411,227,4,60.38,0
181,196,206,2,95.46,0
182,220,451,1,1002.58,15
183,7,305,2,97.43,0
184,216,247,2,488.91,0
185,224,263,3,635.51,30
186,159,309,1,761.48,0
187,428,287,2,354.7,5
188,342,244,5,542.34,15
189,84,54,1,53.81,0
190,239,320,3,709.54,20
191,4,186,5,457.7,10
192,468,392,2,613.16,0
193,90,174,2,121.26,10
194,347,71,1,433.51,5
195,415,191,5,288.9,0
196,67,407,3,89.95,20
197,24,391,5,789.47,0
198,408,144,5,65.86,5
199,405,340,4,772.19,30
200,92,165,4,847.33,25
201,327,472,2,853.19,5
202,112,157,2,571.53,15
203,385,44,2,449.72,25
204,231,240,4,542.07,20
205,136,331,3,429.04,30
206,142,475,3,711.05,5
207,129,155,3,757.64,0
208,379,279,-3,1113.59,10
209,207,485,1,564.92,30
210,444,204,2,229.43,30
211,240,370,1,1119.89,5
212,214,108,1,427.24,0
213,256,415,2,250.15,20
214,154,167,1,82.04,0
215,291,323,5,902.61,20
216,274,198,5,315.45,10
217,284,91,4,461.58,5
218,146,106,1,644.45,15
219,441,466,1,175.67,20
220,490,463,2,868.26,25
221,159,301,4,698.92,0
222,423,205,3,252.38,25
223,378,47,4,433.02,10
224,436,90,5,472.47,25
225,358,292,1,393.07,0
226,150,342,2,436.03,20
227,189,40,3,254.44,0
228,237,14,4,466.57,20
229,6,129,3,601.98,25
230,281,337,2,105.59,10
231,10,311,5,97.03,0
232,347,140,2,544.63,30
233,429,326,1,640.59,10
234,25,396,2,226.98,5
235,15,8,1,641.41,0
236,86,371,1,230.16,15
237,107,479,1,290.6,0
238,206,335,4,604.51,10
239,35,454,5,706.94,0
240,473,436,1,691.09,20
241,356,69,3,128.46,25
242,467,300,2,510.73,0
243,460,64,2,66.3,0
244,104,78,2,351.44,25
245,143,163,5,670.13,20
246,13,118,2,423.57,0
247,128,411,5,288.78,30
248,4,34,2,471.04,0
249,89,304,2,484.15,0
250,85,370,5,722.29,10
251,104,140,3,903.28,0
252,313,377,4,810.84,20
253,465,472,5,609.04,10
254,146,193,3,569.6,25
255,3,7,3,876.74,20
256,192,197,5,701.27,0
257,478,290,3,112.79,15
258,353,189,4,466.05,5
259,186,324,-2,498.32,10
260,76,131,2,755.43,0
261,204,362,5,788.86,20
262,355,155,4,646.57,20
263,446,46,3,283.46,10
264,204,358,0,361.37,0
265,214,336,2,315.28,0
266,486,57,2,463.95,0
267,462,447,5,563.49,0
268,64,142,-2,563.15,25
269,5,32,5,385.77,0
270,4,193,3,585.26,25
271,173,190,3,644.41,15
272,30,500,0,384.27,20
273,72,14,3,714.17,5
274,338,446,0,787.07,15
275,24,497,4,25.45,25
276,42,179,4,336.68,0
277,100,365,5,225.71,30
278,45,155,4,797.21,25
279,277,124,1,238.89,0
280,463,197,3,838.66,0
281,325,372,3,329.43,0
282,368,381,5,156.45,20
283,60,149,5,172.42,0
284,161,489,3,406.33,30
285,217,164,2,543.77,5
287,383,341,1,524.22,10
288,141,435,2,919.97,20
289,79,424,2,168.56,0
290,439,250,2,452.17,30
291,243,179,5,418.87,10
292,439,281,5,538.68,0
293,235,336,4,282.84,0
294,101,377,5,941.03,0
295,348,431,3,352.33,0
296,264,333,2,797.74,20
297,204,251,2,453.94,20
298,344,338,4,610.05,25
299,43,63,5,55.67,25
300,407,304,4,363.19,0
301,466,442,1,973.69,30
302,33,266,1,376.29,5
303,93,442,5,862.55,15
304,106,335,1,528.89,0
305,279,88,1,836.27,0
306,401,151,5,394.31,15
307,181,311,1,138.52,0
308,154,439,5,68.54,15
309,217,39,2,297.83,0
310,482,356,3,277.96,5
311,332,421,2,853.21,20
312,127,40,5,180.88,15
313,171,399,2,480.18,0
314,194,488,2,282.4,10
315,49,271,3,383.51,0
316,485,385,5,257.31,20
317,5,352,2,78.66,10
318,499,190,5,654.71,25
319,409,240,4,569.95,5
320,486,157,1,563.69,0
321,85,295,5,421.79,0
322,261,478,5,637.25,30
323,316,98,4,865.3,15
324,487,472,5,869.48,0
325,346,477,2,411.7,15
326,488,27,3,72.89,15
327,277,436,3,782.42,10
328,292,202,5,131.81,0
329,435,250,-4,268.64,15
330,180,456,1,731.53,25
331,461,79,1,453.86,10
332,154,187,3,499.22,25
333,72,182,-2,998.72,0
334,203,216,2,160.13,25
335,61,216,2,135.65,20
336,432,423,1,782.83,0
337,393,351,3,306.45,0
338,249,43,2,640.16,0
339,443,135,4,1169.05,0
340,93,97,2,85.39,0
341,99,476,-2,9.79,0
342,269,157,2,688.18,25
343,27,156,3,373.75,5
344,21,1,2,418.71,10
345,95,130,3,834.34,0
346,67,170,5,535.13,15
347,300,197,5,501.55,5
348,51,39,3,377.09,5
349,66,99,5,731.66,15
350,467,224,5,332.03,0
351,67,149,2,165.22,20
352,263,498,5,436.17,20
353,95,2,1,252.58,30
354,269,133,3,373.4,0
355,150,21,3,384.26,10
356,128,422,3,297.08,15
357,453,282,5,545.28,0
358,183,113,3,1011.63,30
359,481,400,4,643.38,10
360,283,106,3,969.88,20
361,372,223,1,366.21,25
362,97,292,3,545.5,0
363,352,312,4,255.08,20
364,373,385,4,339.34,0
365,330,479,1,191.81,0
367,418,84,2,554.53,10
368,423,23,5,23.78,20
369,13,117,3,526.46,20
370,462,58,2,91.18,10
371,61,185,1,1022.44,0
372,93,348,3,491.14,10
373,470,256,1,856.84,0
374,76,200,4,19.78,0
375,143,75,2,117.79,15
376,356,499,3,73.26,5
377,276,274,2,128.16,20
378,416,384,0,606.16,0
379,69,472,3,514.41,0
380,437,283,2,174.14,5
381,493,357,1,191.51,20
382,340,298,2,161.13,15
383,7,292,2,676.91,0
384,154,241,1,401.89,0
385,310,385,4,214.97,25
386,471,293,4,297.65,10
387,487,65,1,679.06,0
388,310,431,4,322.95,20
389,412,191,1,286.3,15
390,15,123,1,330.05,0
391,283,104,3,744.77,0
392,24,25,1,568.77,10
393,162,385,2,257.52,0
394,258,52,1,349.11,20
395,20,149,1,184.97,0
396,111,414,2,855.45,30
397,334,268,2,102.11,15
398,21,457,2,283.73,0
399,255,50,3,527.62,0
400,87,479,5,241.78,0
401,236,133,4,581.26,0
402,250,21,4,316.36,0
403,320,488,4,339.72,10
404,22,318,2,634.64,30
405,149,193,1,414.69,25
406,240,329,1,394.24,0
407,394,222,3,39.3,25
408,59,143,4,62.99,5
409,308,397,3,753.2,25
410,12,488,3,461.94,0
411,42,153,4,1060.46,10
412,459,462,3,791.22,15
413,275,353,4,498.17,20
414,458,306,5,64.33,15
415,376,381,1,164.87,25
416,163,59,3,248.6,0
417,439,65,5,634.71,5
418,357,280,2,284.53,5
419,8,190,-3,697.38,30
420,256,333,3,1215.45,30
421,172,59,3,268.07,0
422,433,338,3,970.86,0
423,54,46,4,431.82,30
424,298,413,4,260.81,25
425,439,241,4,564.21,20
426,115,260,3,115.96,20
428,172,88,2,1169.33,20
429,425,27,2,93.39,20
430,463,163,1,616.1,0
431,402,201,3,835.26,0
432,48,14,5,637.14,30
433,196,13,4,96.63,15
434,114,153,4,659.17,0
435,322,12,1,89.46,0
436,459,93,3,276.77,5
437,12,212,1,530.13,20
438,466,231,1,733.3,0
439,178,248,1,610.58,10
440,16,275,2,470.23,15
441,168,71,2,380.51,25
442,363,283,4,144.74,20
443,102,352,4,96.87,10
444,370,250,5,371.64,15
445,220,103,1,458.5,0
446,210,151,5,380.53,0
447,220,405,2,479.65,15
448,5,164,2,517.14,15
449,198,146,1,379.32,0
450,350,388,2,131.76,25
451,216,62,3,497.05,5
452,330,402,4,838.23,20
453,271,21,-4,309.94,0
454,155,141,1,739.45,15
455,153,357,1,224.46,0
456,6,72,4,17.7,0
457,189,418,1,961.82,0
458,39,136,4,346.01,0
459,62,65,5,506.34,20
460,268,271,4,350.84,15
461,48,136,3,466.71,5
462,106,356,1,260.96,5
463,250,54,5,49.36,15
464,233,336,2,280.32,15
465,318,263,1,380.09,0
466,296,332,1,655.2,5
467,137,15,3,47.24,30
468,78,204,1,284.19,15
469,375,476,4,12.32,10
470,222,56,1,754.87,0
471,123,34,5,382.31,20
472,376,422,2,472.64,5
473,306,148,5,610.41,25
474,353,123,2,299.38,25
475,243,220,3,299.02,0
476,305,181,4,797.74,25
477,291,349,5,1002.3,0
478,412,377,3,752.41,10
479,235,7,3,860.08,25
480,373,328,2,338.08,0
481,296,380,2,700.31,5
482,56,495,5,235.28,25
483,90,136,3,506.53,20
484,98,22,5,394.64,25
485,178,148,-2,380.65,25
486,149,320,4,924.99,10
487,145,423,3,904.69,15
489,139,74,5,822.05,10
490,182,128,4,212.19,0
491,306,160,3,299.17,0
492,70,214,1,448.45,25
493,449,427,4,249.87,30
494,240,182,4,807.71,30
495,46,387,2,224.73,15
496,290,450,4,373.23,0
497,266,236,3,810.63,0
498,149,290,1,145.94,30
499,105,265,4,94.08,0
500,480,4,2,81.42,0
501,267,50,1,357.37,25
502,154,208,2,747.37,30
503,225,440,2,848.23,0
504,124,88,2,891.23,10
505,302,253,4,478.1,0
506,76,15,4,40.73,10
507,337,318,3,456.67,25
508,5,82,5,166.79,30
509,336,78,3,344.98,0
510,156,473,4,545.44,25
511,363,475,3,883.58,15
512,300,317,1,299.17,0
513,256,479,2,317.9,5
514,373,457,1,226.72,10
515,38,227,1,104.14,15
516,69,327,3,579.67,10
517,223,417,1,716.74,0
518,458,3,5,573.46,15
519,467,373,2,826.48,25
520,461,287,4,353.65,20
521,66,401,4,316.23,30
522,482,149,3,314.79,0
523,295,124,5,363.78,0
524,299,242,1,718.46,20
525,392,31,3,89.87,0
526,486,289,1,204.87,0
527,314,476,2,9.19,0
528,116,333,2,805.19,0
529,101,274,1,138.62,0
530,65,221,1,697.95,15
531,471,30,1,539.46,30
532,8,448,1,861.83,25
533,180,309,3,949.33,20
534,40,40,4,177.86,15
535,228,366,5,622.08,5
536,358,278,4,401.98,25
537,71,431,5,613.11,15
538,19,121,4,758.55,0
539,143,302,1,20.1,20
540,197,228,2,289.77,30
541,278,391,-5,651.89,15
542,415,386,3,934.15,20
543,476,377,5,1001.5,10
544,238,218,5,963.25,20
545,122,68,3,173.34,5
546,293,203,3,96.56,0
547,165,429,4,370.88,0
548,246,327,1,684.44,0
549,161,489,3,307.76,25
550,76,447,1,651.99,0
551,297,163,1,412.78,10
552,433,440,1,950.82,15
553,58,262,5,459.81,20
554,145,74,3,406.0,20
555,483,499,3,66.69,0
556,312,109,5,273.61,15
557,299,17,1,423.3,5
558,323,281,1,677.84,30
559,338,269,2,267.81,10
560,410,394,3,976.97,0
561,491,451,5,865.97,15
562,230,403,2,91.55,5
563,300,341,3,313.91,0
564,76,295,2,609.69,25
565,135,392,1,706.2,0
566,86,38,4,625.4,15
567,124,365,3,257.52,0
568,379,472,4,636.28,20
569,69,376,5,444.49,0
570,333,233,5,202.79,10
571,153,253,5,468.38,20
572,388,92,2,1105.29,10
573,51,178,3,666.86,5
574,470,133,2,582.07,0
575,261,387,1,230.7,30
576,251,427,3,320.69,20
577,426,233,1,189.65,20
578,71,143,3,75.66,5
579,260,172,5,565.1,0
580,474,20,5,503.96,30
581,19,486,-2,266.51,20
582,101,136,2,384.91,10
583,46,487,0,614.73,0
584,364,92,5,566.54,5
585,337,489,2,343.94,25
586,307,183,2,662.83,10
587,127,340,3,676.78,15
588,397,452,4,107.01,5
589,111,456,5,788.68,10
590,415,227,1,83.26,5
591,158,230,2,46.99,0
592,169,67,-1,205.66,20
593,468,181,1,712.3,15
594,430,275,3,655.37,15
595,376,128,1,227.89,30
596,249,22,2,283.66,5
597,417,402,3,612.91,0
598,391,376,-5,537.66,0
599,201,100,3,221.75,0
600,52,136,4,522.81,0
601,143,248,5,384.4,0
602,488,191,4,307.47,0
603,190,245,3,414.24,0
604,443,483,2,670.32,25
605,390,120,4,546.35,15
606,353,290,3,158.13,30
607,161,492,4,921.06,0
608,40,193,-5,402.83,0
609,498,59,2,139.46,30
610,281,215,4,716.02,10
611,191,289,5,176.39,15
612,237,108,2,583.33,25
613,77,241,3,298.16,5
614,170,49,2,442.51,30
615,8,476,4,10.21,10
616,479,131,2,957.89,0
617,92,135,5,906.5,20
618,304,310,5,50.31,25
620,459,497,4,14.34,25
621,61,124,4,303.77,15
622,272,41,2,749.92,10
623,287,227,1,87.26,20
624,444,188,3,858.14,5
625,472,481,1,720.9,15
627,141,329,3,379.0,0
628,442,368,4,794.29,25
629,280,414,5,547.52,0
630,436,68,1,95.24,0
631,143,437,1,384.2,15
632,301,370,4,1203.62,0
633,257,76,4,268.22,5
634,326,383,3,649.83,15
635,429,357,1,118.78,0
636,163,303,-2,956.14,0
637,42,450,2,505.45,0
638,147,92,4,707.99,5
639,152,133,4,493.4,15
640,231,425,1,111.1,20
641,360,223,3,360.05,30
642,138,47,2,513.61,0
643,324,96,3,689.26,20
644,166,360,1,370.86,25
645,52,96,4,905.14,0
646,304,295,4,695.85,10
647,248,348,2,482.36,30
648,138,489,2,467.84,10
649,483,269,2,208.09,15
650,47,159,3,808.84,0
651,103,453,2,458.56,5
652,79,351,1,390.71,15
653,202,358,4,333.31,5
654,66,163,3,721.22,20
655,178,251,1,589.92,0
656,175,257,4,47.56,5
657,109,155,2,616.94,10
658,247,18,2,470.65,30
659,43,178,4,888.4,0
660,260,197,-4,798.94,20
661,133,380,4,673.62,25
662,498,187,4,382.24,20
663,4,173,3,852.5,25
664,21,63,1,70.59,15
665,152,393,2,435.91,20
666,326,19,1,240.54,20
667,49,65,4,672.4,15
668,125,471,5,319.16,0
669,76,312,1,436.23,0
670,155,217,3,139.91,0
671,60,407,3,90.11,30
672,410,26,4,842.11,0
673,310,205,3,302.74,5
674,67,141,3,709.56,5
675,33,314,4,30.74,15
676,286,7,4,621.93,25
677,345,200,5,17.02,25
678,107,383,3,702.38,25
679,320,300,4,405.69,0
680,381,252,5,289.19,0
681,57,293,4,253.26,15
682,307,143,1,56.81,15
683,116,440,3,711.87,25
684,205,148,4,341.29,0
685,499,215,5,721.92,30
686,375,210,2,1171.96,25
687,12,381,4,143.76,5
688,189,371,2,379.56,10
689,296,237,4,728.34,0
690,57,412,2,665.84,0
691,347,209,4,1102.85,20
692,276,62,5,777.9,25
693,150,416,1,734.75,30
694,404,64,5,55.26,0
695,337,174,4,72.94,0
696,235,461,3,144.98,25
697,133,291,2,74.64,10
698,289,186,2,803.02,10
699,151,80,2,347.37,20
700,436,109,1,238.08,30
701,208,245,3,429.66,30
702,444,475,5,870.15,25
703,485,34,2,332.45,0
704,236,292,5,708.41,5
705,321,51,3,878.99,30
706,41,497,5,25.3,10
707,480,334,4,1067.18,10
708,98,376,2,704.49,0
709,390,298,1,226.36,0
710,43,244,2,375.6,10
711,441,464,2,227.3,25
712,209,308,3,568.53,30
713,136,445,5,644.1,25
714,94,250,5,254.67,0
715,345,156,3,368.15,30
716,56,391,3,592.39,30
717,475,313,3,554.2,20
718,313,340,4,542.36,20
719,478,135,3,850.6,10
720,382,162,4,300.32,0
721,496,210,4,800.74,0
722,339,367,1,589.46,20
723,103,409,3,655.88,5
724,483,370,1,977.15,20
725,250,128,4,147.17,0
726,190,225,2,562.29,0
727,212,423,3,641.36,30
728,294,280,5,282.59,0
729,446,403,3,110.68,25
730,165,240,2,460.17,10
731,12,72,4,17.94,0
732,263,192,1,340.37,15
733,295,171,5,543.53,30
734,409,263,4,597.22,5
735,221,419,2,770.91,0
736,233,271,4,513.83,20
738,273,235,5,906.23,0
739,158,93,1,278.99,30
740,446,162,2,405.05,20
741,471,112,-4,185.27,0
742,228,445,4,737.82,25
743,195,303,2,1072.05,30
744,62,482,3,180.41,5
745,185,245,4,328.43,20
746,440,52,1,312.98,10
747,334,330,1,784.71,10
748,24,73,1,676.52,0
749,20,32,3,492.86,20
750,90,480,2,562.63,0
751,105,157,3,562.48,0
752,456,241,4,288.27,20
753,87,81,2,232.04,0
754,213,439,5,71.1,0
755,463,132,3,157.48,0
756,437,293,2,233.82,0
757,49,368,1,569.51,10
758,169,364,5,625.61,10
759,217,192,1,574.1,20
760,94,8,2,542.58,15
761,440,177,5,715.06,5
762,226,61,5,920.18,15
763,175,414,4,957.02,15
764,401,188,-5,651.21,0
765,425,57,2,352.37,10
766,482,43,2,718.24,30
767,114,398,3,549.26,0
768,25,410,5,256.19,0
769,325,440,2,826.78,20
770,492,497,5,27.52,25
771,481,154,5,118.92,5
772,492,35,2,526.82,0
773,487,125,4,11.09,5
774,116,494,4,1013.88,0
775,142,390,5,221.55,0
776,119,339,5,247.09,25
777,387,467,1,447.47,10
778,300,87,4,1117.0,5
779,375,309,2,1132.51,25
780,216,30,3,725.23,10
781,169,215,3,860.89,0
782,300,254,3,204.74,25
783,193,311,4,136.7,0
784,489,51,2,702.54,20
785,21,178,4,866.88,30
786,413,322,1,624.1,0
787,51,150,4,1017.06,10
788,181,499,1,103.49,10
789,286,395,4,930.4,0
790,171,181,2,648.89,10
791,328,208,2,656.64,5
792,180,173,2,787.67,15
793,159,466,3,188.21,30
794,39,102,4,653.55,0
795,204,69,3,188.77,0
796,423,21,3,287.45,5
797,126,449,2,285.81,10
798,314,248,5,560.61,5
799,298,205,4,256.08,15
800,190,187,3,673.48,0
801,441,424,5,196.26,0
802,260,363,5,332.34,15
803,284,421,5,1134.92,25
804,224,34,5,492.92,0
805,362,76,3,160.22,0
806,361,392,2,891.71,10
807,170,120,4,830.61,30
808,442,4,3,89.2,0
809,374,83,5,250.34,0
810,476,254,1,295.49,20
811,243,71,3,589.45,20
812,95,134,1,219.57,0
813,311,32,3,618.01,0
814,3,168,-5,717.58,15
815,97,326,2,570.19,0
816,308,192,2,542.5,25
817,276,455,3,938.83,0
818,266,86,5,805.74,15
819,281,426,1,231.52,0
820,123,492,4,1017.88,0
821,416,432,5,1160.88,30
822,467,270,5,322.65,30
823,70,230,4,59.46,20
824,54,165,3,768.98,10
825,271,426,3,170.25,30
826,25,274,4,86.1,30
827,448,223,2,471.08,0
828,487,96,1,894.89,25
829,8,24,1,1096.69,0
830,469,426,4,221.27,15
831,80,73,3,581.5,20
832,462,321,3,204.96,0
833,143,432,4,1155.44,0
834,357,393,2,343.32,0
835,251,35,3,593.4,20
836,439,292,4,457.12,5
837,255,103,4,323.11,0
838,95,43,2,640.78,15
839,306,394,2,495.61,15
840,79,175,2,615.48,5
841,195,79,2,636.28,5
842,13,447,5,576.92,30
843,163,30,5,480.56,0
844,20,74,1,781.61,0
845,62,439,5,44.8,0
846,480,293,5,327.5,5
847,177,326,2,508.92,15
848,375,90,3,665.95,15
849,154,74,5,413.65,20
850,107,483,4,630.46,25
851,173,167,5,86.3,5
852,486,448,3,866.8,30
853,192,330,4,556.86,25
854,397,446,2,870.6,0
855,222,93,-2,508.47,20
856,382,349,4,778.61,5
857,126,445,4,735.4,30
858,347,50,1,522.19,0
859,477,462,2,749.17,0
860,299,464,2,384.77,0
861,451,78,5,293.94,30
862,144,354,1,956.71,0
863,21,70,4,381.35,0
864,186,477,4,311.11,25
865,454,174,1,130.87,10
866,57,479,3,340.05,0
867,254,9,2,375.92,10
868,267,463,2,892.64,5
869,222,173,4,438.96,15
870,475,320,3,583.11,25
871,345,139,5,429.86,20
872,483,178,4,906.65,0
873,44,413,5,433.71,0
874,55,125,2,8.42,5
875,5,371,5,197.73,25
876,341,55,2,865.07,0
877,47,2,2,316.24,0
878,99,244,4,583.49,0
879,304,443,5,1038.45,0
880,450,278,1,422.26,0
881,388,117,5,423.25,20
882,219,129,5,1013.7,10
883,32,33,1,905.56,20
884,367,229,1,64.82,15
885,492,34,3,392.05,25
886,251,161,2,532.59,0
887,451,237,4,657.3,25
888,385,198,-2,381.09,15
889,77,205,2,212.88,0
890,242,77,4,248.78,10
891,143,117,4,433.98,0
892,181,493,4,77.06,0
893,412,111,-3,605.82,0
894,317,220,5,365.05,15
895,190,290,4,196.75,5
896,120,466,4,236.38,30
897,358,100,5,230.65,5
898,417,420,1,480.74,0
899,165,42,3,583.66,20
900,142,365,1,225.7,5
901,423,318,3,469.38,25
902,275,103,5,537.57,10
903,100,269,4,319.48,0
904,152,13,4,55.23,25
905,229,321,4,216.98,0
906,102,362,5,799.52,0
907,283,245,4,360.08,20
908,168,314,3,44.66,0
909,368,366,1,535.38,0
910,121,48,3,882.54,15
911,280,32,4,469.66,30
912,230,82,3,135.21,0
913,27,330,1,799.52,5
914,71,257,4,33.84,10
915,357,213,5,544.08,5
917,382,319,5,373.48,5
918,101,168,3,999.15,25
919,263,395,1,692.0,0
920,103,389,2,316.74,10
921,321,118,3,356.54,0
922,93,441,4,203.87,25
923,85,472,3,704.35,5
924,1,437,1,328.15,0
925,291,493,2,81.06,20
926,144,214,1,478.61,10
927,478,455,1,951.43,0
928,90,8,4,527.13,30
929,289,246,2,317.19,20
930,426,239,5,106.62,0
931,364,145,3,347.44,10
932,354,230,1,61.11,20
933,406,119,3,962.72,15
934,84,192,5,573.16,15
935,90,298,3,214.15,0
936,254,346,4,383.16,10
937,184,331,2,596.82,15
938,321,75,2,176.87,0
939,423,355,1,399.98,30
940,3,131,2,1198.88,15
941,429,409,5,747.14,20
942,209,353,4,488.74,5
943,497,259,1,829.04,10
944,423,108,2,459.65,0
945,424,398,4,937.19,20
946,6,358,3,446.33,20
947,326,315,1,266.45,15
948,441,409,1,753.15,15
949,14,195,1,101.7,30
950,426,367,4,777.14,5
951,166,159,4,695.6,20
952,304,442,-5,905.7,25
953,141,357,5,175.16,0
954,265,252,2,165.85,15
955,496,429,2,312.27,0
956,94,115,4,500.58,25
957,60,52,5,266.38,25
958,221,11,3,396.27,0
959,224,286,1,853.41,15
960,125,465,1,152.31,0
961,280,192,2,536.48,0
962,76,154,1,136.03,30
963,341,137,-2,107.75,15
964,411,110,4,524.39,0
965,278,440,2,926.39,0
966,263,38,4,882.43,15
967,209,31,3,141.73,0
968,192,201,2,649.3,0
969,261,456,2,591.09,30
970,222,308,1,454.32,0
971,143,202,3,139.14,30
972,438,486,5,238.35,0
973,251,500,1,380.17,10
974,305,263,3,388.47,5
975,423,172,3,678.93,5
976,72,411,3,303.59,30
977,298,267,3,414.56,5
978,173,94,3,171.92,25
979,236,276,1,689.04,20
980,2,35,4,596.38,30
981,291,216,4,107.8,25
982,199,161,3,377.97,0
983,56,281,1,596.55,20
984,291,31,5,78.92,10
985,317,310,5,62.6,5
986,163,391,4,586.27,0
987,380,315,4,334.15,5
988,236,313,2,532.36,0
989,297,441,2,246.98,0
990,77,379,4,1014.88,10
991,224,405,1,777.75,20
992,191,74,4,696.77,20
993,208,141,2,698.66,25
994,289,125,1,13.23,15
995,224,371,4,288.92,5
996,134,246,5,347.69,30
997,196,187,2,358.72,30
998,478,131,4,888.18,0
999,267,35,1,619.39,0
1000,217,459,-2,163.2,0
1001,419,401,4,241.91,15
1002,478,96,-2,576.1,10
1003,259,459,1,146.59,0
1004,189,294,4,103.59,0
1005,311,387,0,203.96,25
1006,387,203,5,147.95,30
1007,368,429,5,522.3,0
1008,413,19,3,178.95,0
1009,193,154,2,166.99,5
1010,76,231,2,757.29,10
1011,462,117,4,712.26,25
1012,67,213,2,695.36,0
1013,239,466,4,172.47,10
1014,245,21,4,456.64,15
1015,85,6,5,394.6,0
1016,191,13,5,79.57,15
1017,265,300,4,389.52,30
1018,374,384,2,790.28,20
1019,375,370,2,1004.4,20
1020,23,156,4,338.32,20
1021,219,281,0,610.03,0
1022,373,248,2,544.4,25
1023,416,461,3,112.44,10
1024,462,417,3,822.19,30
1025,399,460,4,643.22,15
1026,499,371,5,404.19,10
1027,115,433,2,468.77,0
1028,259,186,5,655.28,0
1029,486,476,1,14.51,20
1030,16,171,2,649.35,25
1031,110,208,2,718.89,0
1032,304,193,1,681.22,0
1033,460,48,2,977.08,0
1034,150,432,3,817.0,0
1035,170,52,1,235.64,5
1036,422,252,5,155.82,0
1037,34,237,5,805.78,5
1038,437,174,4,108.76,30
1039,418,206,3,125.64,5
1040,80,19,1,158.77,25
1041,145,395,2,654.0,20
1042,343,483,3,756.59,5
1043,187,81,1,297.97,10
1044,238,338,3,1138.33,15
1045,338,162,2,411.53,0
1046,250,449,2,475.51,25
1047,370,93,3,365.35,15
1048,396,423,2,1129.17,30
1049,271,303,4,947.4,0
1050,281,149,1,249.37,0
1051,406,33,4,893.16,5
1052,115,231,1,502.99,10
1054,412,141,4,869.47,10
1055,255,298,3,183.7,5
1056,372,169,1,13.63,0
1057,246,11,3,248.37,10
1058,464,219,1,677.17,10
1059,281,328,1,355.23,0
1060,395,407,2,135.92,25
1061,428,400,4,622.59,10
1062,48,181,5,463.43,0
1063,497,407,2,136.57,0
1064,100,246,3,615.57,20
1065,414,263,2,573.45,25
1066,35,500,4,575.63,25
1067,102,461,1,85.72,0
1068,333,174,3,91.67,0
1069,267,288,4,747.02,30
1070,320,416,3,531.3,30
1071,440,55,2,550.93,20
1072,436,211,3,787.99,10
1073,14,146,2,311.15,0
1074,136,394,2,646.08,0
1075,431,390,1,261.01,30
1076,280,153,1,1079.66,0
1077,48,337,2,113.84,0
1078,241,415,3,203.07,30
1079,172,87,1,687.96,0
1080,65,87,5,1031.09,20
1081,140,296,2,574.37,5
1082,342,199,3,261.31,20
1083,128,316,4,423.88,105
1084,98,383,2,432.93,0
1085,365,21,1,283.75,20
1086,492,58,1,96.51,0
1087,229,74,1,458.39,15
1088,266,349,2,627.6,15
1089,485,340,3,585.35,10
1090,32,401,4,397.84,5
1091,73,146,1,299.1,30
1092,156,330,3,519.47,20
1093,225,464,4,232.13,30
1094,57,138,1,754.86,30
1095,11,33,2,952.36,10
1096,343,477,5,337.35,25
1098,376,157,3,696.97,20
1099,290,289,5,143.5,5
1100,183,242,4,649.71,30
1101,290,459,1,158.58,20
1102,53,349,2,1001.97,5
1103,132,6,3,379.37,25
1104,473,122,3,449.96,30
1105,124,23,2,32.43,0
1106,111,408,1,576.5,5
1107,219,357,4,149.72,0
1108,322,293,2,197.28,5
1109,101,424,4,116.37,25
1110,61,372,3,427.27,20
1111,462,82,-3,181.89,0
1112,458,216,2,99.09,20
1113,417,86,5,525.53,30
1114,461,493,4,137.8,30
1115,230,218,4,705.34,10
1116,409,396,3,306.96,30
1117,298,60,1,558.83,30
1118,246,203,2,184.0,0
1119,65,124,5,375.01,0
1120,174,269,3,271.0,0
1121,430,106,1,592.43,25
1122,280,42,2,667.45,15
1123,400,14,1,795.37,0
1124,300,42,1,404.18,30
1125,323,384,-2,1003.74,15
1126,407,469,3,666.51,0
1127,343,296,5,489.22,0
1128,148,257,4,42.07,30
1129,307,26,2,601.0,15
1130,141,272,1,281.6,0
1131,165,190,2,636.17,20
1132,21,321,2,231.57,30
1133,9,396,5,270.09,0
1134,476,63,5,70.49,30
1135,134,321,2,275.38,25
1136,265,100,5,164.45,20
1137,34,73,3,618.91,30
1138,375,158,2,764.61,0
1139,271,221,3,488.51,0
1140,324,200,3,15.59,0
1141,370,346,2,337.87,0
1142,158,211,5,709.7,30
1143,396,116,5,864.28,30
1144,170,372,1,441.29,15
1145,30,437,2,417.62,15
1146,301,162,2,395.21,0
1147,233,270,1,301.68,5
1148,348,102,3,910.24,0
1149,371,40,5,284.89,25
1150,200,49,4,622.63,30
1151,95,107,1,108.65,15
1152,66,429,2,474.78,15
1153,136,374,1,37.32,20
1154,349,110,3,620.18,0
1155,414,64,5,96.55,30
1156,272,245,-2,352.87,20
1157,81,483,2,540.22,25
1158,40,48,3,619.78,30
1159,425,188,3,749.62,20
1160,381,24,2,857.31,0
1161,448,29,4,520.21,0
1162,198,79,2,547.16,0
1163,175,183,5,440.74,0
1164,218,391,5,761.43,30
1165,494,21,0,255.46,30
1166,176,153,5,684.9,30
1167,120,331,1,557.2,15
1168,311,421,5,577.27,0
1169,94,479,3,186.26,0
1170,294,320,5,1165.07,20
1171,426,283,4,143.8,30
1172,188,297,2,667.8,0
1173,455,159,2,703.54,5
1174,414,420,4,470.05,30
1175,319,359,2,381.75,0
1176,457,16,2,997.14,5
1177,344,340,2,765.92,30
1178,388,9,1,428.01,20
1179,73,462,3,947.29,0
1180,279,347,1,688.87,20
1181,323,38,5,1094.15,20
1182,452,75,3,196.36,0
1183,137,205,3,241.91,10
1184,16,427,0,345.83,30
1185,454,200,4,14.24,0
1186,314,172,1,823.08,0
1187,332,143,1,45.87,15
1188,91,442,5,879.8,20
1189,189,113,4,954.75,10
1190,483,230,4,63.76,0
1191,48,382,4,1121.64,0
1192,478,309,1,595.4,30
1193,497,100,1,141.74,15
1194,104,177,4,1183.74,0
1195,461,465,5,89.48,20
1196,122,423,2,857.08,30
1197,63,98,5,538.5,10
1198,87,443,4,874.25,0
1199,142,146,2,477.11,0
1200,475,73,4,698.54,0
1201,427,83,5,236.2,0
1202,266,477,5,432.62,25
1203,225,120,2,935.22,30
1204,264,91,4,708.75,5
1205,379,12,5,81.12,20
1206,61,233,4,218.2,20
1207,441,406,4,131.09,0
1208,115,323,1,666.85,15
1209,230,480,5,401.18,0
1210,90,38,5,1128.66,25
1211,286,303,2,899.15,30
1212,9,488,1,297.05,0
1213,118,340,5,886.1,10
1214,67,153,5,1065.6,0
1215,232,321,1,244.19,25
1216,121,459,4,219.46,0
1217,141,195,1,180.11,25
1218,197,278,4,302.36,0
1219,265,296,1,374.24,30
1220,205,330,2,502.23,10
1221,445,185,5,929.55,25
1222,64,86,3,531.47,10
1223,202,236,3,697.66,10
1224,488,69,3,164.43,5
1225,492,462,3,1081.13,10
1226,168,96,4,717.77,15
1227,88,207,2,758.12,15
1228,482,259,3,495.25,25
1229,487,436,-3,686.22,25
1230,134,115,5,368.82,30
1231,427,58,2,118.38,30
1232,121,138,3,788.0,10
1233,56,168,2,960.56,15
1234,215,244,1,553.42,20
1235,9,492,2,902.79,0
1236,45,19,4,269.13,0
1237,288,31,4,129.27,15
1238,270,286,2,934.49,15
1239,398,220,5,318.53,25
1240,442,86,5,469.0,10
1241,302,217,3,199.5,10
1242,491,315,4,322.17,0
1243,452,21,3,237.52,5
1244,330,450,1,536.61,15
1246,146,436,4,668.22,25
1247,354,480,4,446.91,10
1248,4,67,2,173.54,10
1249,270,112,5,188.88,0
1250,33,65,1,457.78,0
1251,454,47,4,515.87,30
1252,85,393,1,348.96,0
1253,246,238,3,437.85,10
1254,442,293,5,389.61,25
1255,124,374,2,31.71,0
1256,235,352,2,62.32,0
1257,167,94,5,104.05,5
1258,490,52,5,405.6,10
1259,122,460,2,599.87,30
1260,158,137,4,95.77,25
1261,149,127,3,94.94,25
1262,93,458,5,40.03,0
1263,83,29,5,452.04,30
1264,110,252,2,246.59,30
1265,67,77,1,198.19,15
1266,442,28,1,776.81,30
1267,352,454,5,859.91,5
1268,450,191,2,290.08,20
1269,473,385,1,335.88,10
1270,199,331,5,431.67,25
1271,84,489,1,353.29,0
1272,475,374,1,57.68,5
1273,377,262,2,512.84,20
1274,352,304,1,468.04,0
1275,60,107,4,67.34,0
1276,382,345,4,220.12,0
1277,17,229,5,73.41,5
1278,374,110,4,452.86,5
1279,234,334,5,1078.78,10
1280,12,405,5,640.75,15
1281,168,69,2,109.84,5
1282,496,180,1,754.54,0
1283,342,292,5,586.28,0
1284,233,61,3,587.49,30
1285,474,67,-1,152.77,0
1286,477,28,2,710.52,30
1287,307,318,1,328.79,0
1288,441,145,1,307.69,10
1289,450,351,-3,410.9,0
1290,316,186,4,898.28,25
1291,158,319,3,306.34,20
1292,129,246,3,567.48,0
1293,394,61,1,949.03,20
1294,205,142,2,961.95,0
1295,416,373,2,841.24,0
1296,238,44,4,412.96,0
1297,41,497,3,14.27,10
1298,206,90,1,366.24,0
1299,347,182,5,819.16,0
1300,171,102,2,1236.34,0
1301,226,473,4,487.58,0
1302,269,124,4,359.18,0
1303,218,52,5,302.18,0
1304,302,249,3,527.35,10
1305,483,283,3,91.07,15
1306,34,163,5,730.38,0
1307,426,307,4,450.04,30
1308,332,34,1,294.7,20
1309,53,211,2,757.69,10
1310,293,137,3,83.66,5
1311,343,303,1,936.7,25
1312,422,467,2,323.32,25
1313,463,277,4,191.15,0
1314,323,412,5,690.45,0
1315,385,315,5,262.62,0
1316,228,493,5,70.8,10
1317,418,421,4,1055.42,10
1318,62,232,5,676.26,5
1319,260,192,-2,493.1,0
1320,24,215,1,756.58,0
1321,44,154,1,195.58,30
1322,303,139,4,454.96,30
1323,201,297,4,953.47,0
1324,118,366,1,528.3,20
1325,254,461,4,131.02,30
1326,194,182,5,615.96,20
1327,454,310,3,77.51,20
1328,136,480,-4,599.0,30
1329,6,79,2,504.94,15
1330,323,209,1,738.23,5
1331,357,257,4,31.35,10
1332,386,270,4,297.07,0
1333,425,58,2,97.28,0
1334,366,209,4,635.19,15
1335,471,131,4,803.07,0
1336,490,143,3,76.52,0
1337,447,99,5,883.75,0
1338,460,467,5,505.03,10
1339,280,323,1,505.7,25
1340,140,41,1,567.07,15
1341,321,193,5,717.27,5
1342,357,317,5,251.32,10
1343,168,175,1,521.87,0
1344,30,433,3,442.4,20
1345,59,37,1,318.91,30
1346,203,107,2,83.78,10
1347,195,249,-5,308.78,10
1348,498,298,4,189.65,10
1349,286,315,1,238.61,20
1350,405,477,3,281.42,25
1351,293,231,3,722.28,5
1352,15,218,3,678.75,20
1353,438,325,3,401.34,20
1354,178,118,-4,442.34,0
1355,78,151,4,275.16,25
1356,206,69,4,172.65,0
1357,52,48,5,681.52,10
1358,199,31,5,78.6,25
1359,247,365,2,300.1,0
1360,184,228,3,555.23,20
1361,327,416,1,749.54,0
1362,377,389,4,383.4,20
1363,237,284,2,578.29,10
1364,66,64,2,85.83,10
1365,487,138,4,445.4,15
1366,379,75,1,208.38,5
1367,230,147,4,338.6,0
1368,204,392,2,539.74,0
1369,276,195,4,170.05,0
1370,434,35,2,820.46,10
1371,17,198,2,434.81,30
1372,320,458,3,33.68,0
1373,203,226,1,443.15,15
1374,131,470,3,1021.83,30
1375,186,353,2,288.65,30
1376,334,387,3,387.36,0
1377,258,263,4,534.7,20
1378,398,80,5,376.77,15
1379,429,246,2,330.5,5
1380,374,307,3,377.49,0
1381,333,116,2,791.96,0
1382,331,338,2,887.21,5
1383,264,474,2,246.19,0
1384,95,118,-1,262.95,30
1385,59,24,5,1089.53,30
1386,367,198,3,296.54,20
1387,470,371,3,244.56,0
1388,403,248,5,381.83,5
1389,302,162,0,383.96,0
1390,469,94,3,87.99,20
1391,11,463,4,782.51,0
1392,202,470,1,830.01,5
1394,189,396,4,259.15,10
1395,372,291,4,92.66,0
1396,286,285,1,452.99,25
1397,16,190,3,692.99,0
1398,12,355,1,460.11,15
1399,268,296,4,495.59,0
1401,236,250,2,378.07,20
1402,50,278,5,449.75,0
1403,482,71,2,452.43,25
1404,231,28,3,915.78,15
1405,422,284,4,576.59,0
1406,65,2,3,412.31,0
1407,376,26,3,640.32,0
1408,70,143,2,80.96,30
1409,454,404,4,287.17,30
1410,368,232,4,420.77,30
1411,192,4,3,66.15,0
1412,500,1,1,658.41,0
1413,383,451,4,628.0,0
1414,37,415,0,213.99,25
1415,335,45,3,754.84,15
1416,331,73,4,657.43,5
1417,68,305,1,70.27,0
1418,264,474,3,269.45,0
1419,397,37,2,218.74,30
1420,351,94,2,94.19,15
1421,452,422,2,305.47,0
1422,280,223,2,272.73,5
1423,457,154,5,238.76,0
1424,472,409,3,1055.14,0
1425,28,229,1,120.57,25
1426,187,492,2,771.97,0
1427,171,462,4,988.57,10
1428,308,53,1,154.69,25
1429,49,308,-3,909.29,10
1430,200,28,1,850.08,15
1431,471,478,2,458.95,0
1432,462,161,3,619.25,0
1433,389,416,3,902.24,5
1434,465,450,5,389.7,15
1435,490,428,2,819.43,25
1436,182,363,1,395.88,0
1437,148,491,3,692.76,0
1438,61,2,1,279.97,20
1439,498,390,3,213.89,0
1440,173,451,5,999.43,5
1441,175,76,1,157.29,25
1442,330,10,5,337.22,30
1443,135,23,4,39.44,0
1444,340,100,5,188.74,15
1445,202,252,2,208.88,0
1446,425,6,4,205.2,0
1447,55,236,1,671.73,0
1448,170,439,-1,39.75,0
1449,430,347,5,624.33,20
1450,78,454,4,1130.67,0
1452,166,439,2,58.12,20
1453,119,489,2,550.68,0
1454,96,40,1,178.71,150
1455,411,177,5,1136.12,5
1456,51,332,2,1098.25,30
1457,466,251,5,609.52,0
1458,109,275,1,643.39,15
1459,499,241,4,328.4,0
1460,396,174,5,126.03,0
1461,483,80,2,298.35,10
1462,444,28,2,834.56,25
1463,283,110,2,725.5,0
1464,143,250,2,523.4,30
1465,499,489,2,586.03,0
1466,66,19,3,246.59,0
1467,368,225,2,432.71,0
1468,22,461,1,151.0,0
1469,2,350,5,1031.62,25
1470,463,300,2,379.34,0
1471,46,213,1,593.06,20
1472,484,82,2,196.0,0
1473,380,278,4,491.51,0
1474,104,481,5,674.0,20
1475,431,214,4,535.62,0
1476,477,79,4,342.72,0
1477,391,402,4,554.91,20
1478,310,395,4,578.92,10
1479,233,98,2,496.62,0
1480,131,111,3,772.93,30
1481,78,52,1,392.47,25
1482,352,317,4,174.28,5
1483,365,44,4,583.72,5
1484,455,69,3,168.18,0
1485,187,273,2,248.32,0
1486,41,362,5,918.65,0
1487,190,443,5,809.11,25
1488,301,365,3,384.85,15
1489,123,224,3,433.57,30
1490,221,107,2,113.99,15
1491,5,294,5,76.2,10
1492,95,390,3,234.24,20
1493,58,437,-3,634.7,0
1494,302,61,3,655.79,10
1495,127,406,1,254.25,15
1496,415,29,4,495.9,0
1497,375,63,3,55.92,0
1498,374,282,5,629.15,0
1499,337,144,5,60.96,10
1500,456,348,2,517.66,0
