product_id,product_name,category,subcategory,cost_price
1,Raise Accessorie,Electronics,Accessories,330.27
2,Even Accessorie,Electronics,Accessories,179.39
3,Serious Furniture,Home,Furniture,343.92
4,Cultural Non-Fiction,Books,Non-Fiction,36.23
5,Address Fiction,Books,Fiction,26.68
6,Since Men,Clothing,Men,158.49
7,Green Education,Books,Education,377.88
8,Street Kid,Clothing,Kids,391.52
9,Find Decor,Home,Decor,187.17
10,Out Education,Books,Education,196.39
11,Represent Footwear,Clothing,Footwear,186.84
12,Sometimes Kitchen,Home,Kitchen,44.07
13,Data Kid,Clothing,Kids,44.63
14,Continue Decor,Home,Decor,360.24
15,Popular Footwear,Clothing,Footwear,25.97
16,Total Garden,Home,Garden,490.11
17,Purpose Phone,Electronics,Phones,206.07
18,Watch Men,Clothing,Men,305.75
19,Into Fiction,Books,Fiction,121.82
20,The Decor,Home,Decor,285.79
21,Late Footwear,Clothing,Footwear,189.15
22,Myself Laptop,Electronics,Laptops,202.03
23,Generation Furniture,Home,Furniture,17.83
24,Before Footwear,Clothing,Footwear,457.2
25,Institution Accessorie,Electronics,Accessories,353.5
26,Relationship Kid,Clothing,Kids,499.32
27,Beyond Men,Clothing,Men,41.66
28,Crime Footwear,Clothing,Footwear,406.2
29,Challenge Decor,Home,Decor,277.25
30,Me Decor,Home,Decor,357.35
31,Game Kid,Clothing,Kids,65.07
32,Would Women,Clothing,Women,249.54
33,Energy Decor,Home,Decor,491.59
34,According Men,Clothing,Men,202.09
35,Every Education,Books,Education,412.55
36,Identify Laptop,Electronics,Laptops,322.96
37,Eat Education,Books,Education,175.53
38,Likely Women,Clothing,Women,455.8
39,Some Phone,Electronics,Phones,155.54
40,Example Kid,Clothing,Kids,116.61
41,Girl Kitchen,Home,Kitchen,319.35
42,Five Furniture,Home,Furniture,309.14
43,Pass Laptop,Electronics,Laptops,292.42
44,Several Kid,Clothing,Kids,283.99
45,Page Phone,Electronics,Phones,322.52
46,Activity Furniture,Home,Furniture,211.21
47,Every Camera,Electronics,Cameras,275.06
48,Ready Garden,Home,Garden,404.64
49,Here Comic,Books,Comics,345.86
50,Room Footwear,Clothing,Footwear,234.9
51,Eat Furniture,Home,Furniture,360.59
52,Assume Garden,Home,Garden,188.42
53,Region Accessorie,Electronics,Accessories,65.65
54,By Non-Fiction,Books,Non-Fiction,30.05
55,Make Education,Books,Education,433.33
56,Food Kid,Clothing,Kids,361.96
57,Collection Women,Clothing,Women,259.79
58,Into Comic,Books,Comics,49.57
59,Rich Education,Books,Education,111.5
60,Morning Kitchen,Home,Kitchen,249.97
61,Wind Comic,Books,Comics,424.35
62,Want Non-Fiction,Books,Non-Fiction,365.12
63,View Comic,Books,Comics,30.32
64,Score Kid,Clothing,Kids,41.4
65,Speech Comic,Books,Comics,313.5
66,Foreign Laptop,Electronics,Laptops,199.98
67,Road Decor,Home,Decor,103.53
68,Buy Fiction,Books,Fiction,72.83
69,Purpose Garden,Home,Garden,78.73
70,Whom Kid,Clothing,Kids,162.67
71,Yeah Comic,Books,Comics,256.12
72,Find Comic,Books,Comics,13.24
73,Hold Kitchen,Home,Kitchen,293.93
74,Possible Camera,Electronics,Cameras,329.52
75,Do Men,Clothing,Men,89.4
76,Discuss Non-Fiction,Books,Non-Fiction,124.89
77,Cell Laptop,Electronics,Laptops,160.28
78,Mean Footwear,Clothing,Footwear,208.14
79,Claim Fiction,Books,Fiction,261.75
80,Look Garden,Home,Garden,160.31
81,Small Footwear,Clothing,Footwear,174.45
82,Police Decor,Home,Decor,100.17
83,Hour Kid,Clothing,Kids,116.31
84,Just Decor,Home,Decor,346.67
85,Science Comic,Books,Comics,282.44
86,Often Decor,Home,Decor,339.93
87,While Education,Books,Education,477.53
88,Market Kid,Clothing,Kids,477.88
89,Sometimes Accessorie,Electronics,Accessories,329.71
90,Note Non-Fiction,Books,Non-Fiction,271.6
91,Suffer Furniture,Home,Furniture,371.74
92,Red Women,Clothing,Women,453.07
93,That Women,Clothing,Women,209.58
94,Discover Fiction,Books,Fiction,73.05
95,Sound Footwear,Clothing,Footwear,440.92
96,End Education,Books,Education,379.18
97,Response Decor,Home,Decor,34.29
98,Somebody Laptop,Electronics,Laptops,362.94
99,Pick Laptop,Electronics,Laptops,419.61
100,Tv Camera,Electronics,Cameras,97.22
101,Store Kitchen,Home,Kitchen,286.14
102,Beat Accessorie,Electronics,Accessories,494.6
103,Never Non-Fiction,Books,Non-Fiction,236.67
104,Likely Men,Clothing,Men,366.9
105,News Furniture,Home,Furniture,171.87
106,Score Furniture,Home,Furniture,428.79
107,High Education,Books,Education,47.94
108,Bank Laptop,Electronics,Laptops,241.34
109,Whose Men,Clothing,Men,121.58
110,Organization Decor,Home,Decor,362.83
111,Brother Accessorie,Electronics,Accessories,347.92
112,Assume Phone,Electronics,Phones,84.06
113,Them Kitchen,Home,Kitchen,470.61
114,Officer Furniture,Home,Furniture,71.12
115,Weight Footwear,Clothing,Footwear,304.84
116,Mouth Education,Books,Education,401.99
117,Degree Women,Clothing,Women,299.93
118,Page Camera,Electronics,Cameras,184.08
119,Not Phone,Electronics,Phones,451.93
120,Citizen Women,Clothing,Women,427.97
121,Community Fiction,Books,Fiction,359.87
122,Generation Fiction,Books,Fiction,225.51
123,Too Camera,Electronics,Cameras,210.64
124,Nature Camera,Electronics,Cameras,157.54
125,Letter Camera,Electronics,Cameras,6.49
126,But Men,Clothing,Men,175.54
127,Response Phone,Electronics,Phones,39.16
128,Describe Fiction,Books,Fiction,94.09
129,Series Footwear,Clothing,Footwear,446.21
130,Past Education,Books,Education,342.95
131,Middle Kid,Clothing,Kids,496.46
132,Benefit Non-Fiction,Books,Non-Fiction,115.23
133,Way Phone,Electronics,Phones,234.19
134,Mrs Education,Books,Education,127.52
135,Like Furniture,Home,Furniture,469.02
136,Table Phone,Electronics,Phones,212.52
137,Around Laptop,Electronics,Laptops,54.94
138,Long Camera,Electronics,Cameras,353.13
139,Cause Laptop,Electronics,Laptops,204.12
140,Must Women,Clothing,Women,389.15
141,Just Kid,Clothing,Kids,458.62
142,Loss Decor,Home,Decor,438.75
143,Organization Footwear,Clothing,Footwear,35.17
144,Article Footwear,Clothing,Footwear,28.21
145,Operation Garden,Home,Garden,162.77
146,Maintain Education,Books,Education,191.35
147,Remember Non-Fiction,Books,Non-Fiction,153.86
148,Surface Footwear,Clothing,Footwear,283.38
149,Foot Non-Fiction,Books,Non-Fiction,131.22
150,Several Kitchen,Home,Kitchen,424.33
151,Age Laptop,Electronics,Laptops,191.7
152,Individual Phone,Electronics,Phones,382.04
153,Environmental Footwear,Clothing,Footwear,453.98
154,Technology Kitchen,Home,Kitchen,99.06
155,About Camera,Electronics,Cameras,349.34
156,Skill Footwear,Clothing,Footwear,278.28
157,Discover Garden,Home,Garden,326.12
158,Particular Decor,Home,Decor,441.99
159,Baby Fiction,Books,Fiction,362.59
160,Answer Furniture,Home,Furniture,209.9
161,Land Women,Clothing,Women,278.89
162,Guy Comic,Books,Comics,168.28
163,School Non-Fiction,Books,Non-Fiction,329.03
164,Attack Decor,Home,Decor,246.87
165,Number Education,Books,Education,398.51
166,As Women,Clothing,Women,246.72
167,Worry Phone,Electronics,Phones,41.79
168,Wall Phone,Electronics,Phones,422.06
169,Authority Men,Clothing,Men,9.53
170,World Comic,Books,Comics,320.68
171,Marriage Education,Books,Education,268.45
172,Almost Fiction,Books,Fiction,362.49
173,Few Kitchen,Home,Kitchen,350.44
174,Issue Non-Fiction,Books,Non-Fiction,52.68
175,Couple Women,Clothing,Women,265.6
176,Specific Decor,Home,Decor,44.11
177,Central Education,Books,Education,495.17
178,Space Kid,Clothing,Kids,424.69
179,Put Phone,Electronics,Phones,191.7
180,Shoulder Fiction,Books,Fiction,352.91
181,Race Camera,Electronics,Cameras,324.23
182,Kitchen Kitchen,Home,Kitchen,459.98
183,House Women,Clothing,Women,347.68
184,Vote Comic,Books,Comics,41.8
185,Idea Kitchen,Home,Kitchen,425.96
186,List Laptop,Electronics,Laptops,377.37
187,True Fiction,Books,Fiction,284.16
188,Whose Comic,Books,Comics,371.17
189,What Accessorie,Electronics,Accessories,221.36
190,Huge Accessorie,Electronics,Accessories,308.86
191,How Comic,Books,Comics,140.3
192,Be Education,Books,Education,278.75
193,Result Education,Books,Education,295.01
194,Recently Fiction,Books,Fiction,151.21
195,Two Men,Clothing,Men,81.34
196,Notice Footwear,Clothing,Footwear,57.74
197,Cell Accessorie,Electronics,Accessories,381.87
198,Ready Laptop,Electronics,Laptops,218.33
199,Trade Fiction,Books,Fiction,180.19
200,Happen Accessorie,Electronics,Accessories,11.11
201,By Education,Books,Education,363.8
202,Could Women,Clothing,Women,88.9
203,Note Decor,Home,Decor,77.24
204,Increase Footwear,Clothing,Footwear,153.38
205,Newspaper Accessorie,Electronics,Accessories,127.06
206,Care Non-Fiction,Books,Non-Fiction,72.07
207,Should Camera,Electronics,Cameras,312.0
208,Dog Garden,Home,Garden,408.66
209,They Kid,Clothing,Kids,473.9
210,About Footwear,Clothing,Footwear,482.46
211,Something Decor,Home,Decor,318.29
212,Agency Kid,Clothing,Kids,409.16
213,Fire Comic,Books,Comics,284.11
214,Major Men,Clothing,Men,233.5
215,Report Footwear,Clothing,Footwear,416.48
216,Serve Camera,Electronics,Cameras,73.89
217,Off Furniture,Home,Furniture,81.3
218,Language Education,Books,Education,495.4
219,Night Education,Books,Education,462.13
220,Hundred Fiction,Books,Fiction,182.97
221,Than Phone,Electronics,Phones,330.51
222,Drug Furniture,Home,Furniture,26.93
223,End Comic,Books,Comics,218.08
224,Magazine Phone,Electronics,Phones,257.78
225,Half Footwear,Clothing,Footwear,234.22
226,Clear Kid,Clothing,Kids,243.97
227,Fact Garden,Home,Garden,47.5
228,Current Kid,Clothing,Kids,230.39
229,Write Footwear,Clothing,Footwear,53.32
230,Type Comic,Books,Comics,27.12
231,Share Phone,Electronics,Phones,325.75
232,Southern Women,Clothing,Women,278.2
233,Budget Garden,Home,Garden,119.77
234,Almost Non-Fiction,Books,Non-Fiction,330.37
235,Table Fiction,Books,Fiction,442.13
236,Recent Education,Books,Education,353.84
237,Kind Kid,Clothing,Kids,405.32
238,Possible Phone,Electronics,Phones,270.76
239,Space Decor,Home,Decor,61.41
240,Would Comic,Books,Comics,307.6
241,Use Accessorie,Electronics,Accessories,231.64
242,Visit Kid,Clothing,Kids,297.13
243,Admit Kid,Clothing,Kids,156.16
244,Effect Kid,Clothing,Kids,257.86
245,Design Non-Fiction,Books,Non-Fiction,214.4
246,Audience Non-Fiction,Books,Non-Fiction,247.37
247,Blood Women,Clothing,Women,228.25
248,Phone Accessorie,Electronics,Accessories,244.88
249,Along Footwear,Clothing,Footwear,255.19
250,Likely Education,Books,Education,210.74
251,Piece Education,Books,Education,284.87
252,Remember Kid,Clothing,Kids,116.3
253,Score Furniture,Home,Furniture,285.0
254,Turn Fiction,Books,Fiction,137.61
255,Anything Kitchen,Home,Kitchen,223.48
256,Election Footwear,Clothing,Footwear,415.89
257,Sit Kid,Clothing,Kids,20.95
258,Another Decor,Home,Decor,48.06
259,Interest Laptop,Electronics,Laptops,370.12
260,Leg Garden,Home,Garden,73.92
261,East Women,Clothing,Women,287.19
262,Notice Furniture,Home,Furniture,353.51
263,Director Decor,Home,Decor,259.64
264,Somebody Laptop,Electronics,Laptops,393.92
265,Treat Accessorie,Electronics,Accessories,67.81
266,Stand Women,Clothing,Women,164.44
267,Arrive Footwear,Clothing,Footwear,290.83
268,Challenge Garden,Home,Garden,42.38
269,Most Camera,Electronics,Cameras,142.72
270,Figure Garden,Home,Garden,167.01
271,East Phone,Electronics,Phones,231.93
272,Team Kitchen,Home,Kitchen,201.87
273,Whom Non-Fiction,Books,Non-Fiction,164.82
274,Sign Decor,Home,Decor,69.64
275,Parent Comic,Books,Comics,382.32
276,From Phone,Electronics,Phones,419.17
277,Participant Phone,Electronics,Phones,83.2
278,Piece Fiction,Books,Fiction,216.76
279,Spring Kid,Clothing,Kids,466.7
280,Remember Kitchen,Home,Kitchen,128.94
281,Tell Furniture,Home,Furniture,314.67
282,Full Footwear,Clothing,Footwear,353.33
283,Economic Laptop,Electronics,Laptops,70.69
284,Five Footwear,Clothing,Footwear,349.32
285,Under Camera,Electronics,Cameras,241.46
286,Character Footwear,Clothing,Footwear,403.95
287,Recent Accessorie,Electronics,Accessories,153.13
288,Near Non-Fiction,Books,Non-Fiction,340.18
289,Do Phone,Electronics,Phones,86.24
290,Job Furniture,Home,Furniture,79.93
291,First Education,Books,Education,47.91
292,Face Laptop,Electronics,Laptops,296.84
293,Ask Comic,Books,Comics,160.68
294,Onto Women,Clothing,Women,46.7
295,Perhaps Kitchen,Home,Kitchen,330.91
296,Until Furniture,Home,Furniture,257.21
297,Simple Comic,Books,Comics,392.98
298,Which Footwear,Clothing,Footwear,124.34
299,Continue Phone,Electronics,Phones,467.29
300,Produce Footwear,Clothing,Footwear,286.35
301,Respond Furniture,Home,Furniture,477.45
302,Late Phone,Electronics,Phones,11.83
303,Only Men,Clothing,Men,474.6
304,Mission Comic,Books,Comics,253.02
305,Anyone Education,Books,Education,45.8
306,Guy Kid,Clothing,Kids,44.12
307,Year Women,Clothing,Women,198.41
308,Question Accessorie,Electronics,Accessories,366.33
309,Remain Men,Clothing,Men,462.69
310,I Camera,Electronics,Cameras,32.24
311,Stock Men,Clothing,Men,72.92
312,Network Laptop,Electronics,Laptops,176.62
313,From Furniture,Home,Furniture,376.14
314,Same Kitchen,Home,Kitchen,19.53
315,Keep Comic,Books,Comics,135.16
316,Issue Camera,Electronics,Cameras,183.26
317,Church Non-Fiction,Books,Non-Fiction,131.28
318,First Phone,Electronics,Phones,256.87
319,However Phone,Electronics,Phones,238.52
320,Create Non-Fiction,Books,Non-Fiction,480.37
321,Somebody Camera,Electronics,Cameras,127.89
322,Note Decor,Home,Decor,287.91
323,Material Phone,Electronics,Phones,403.15
324,Effect Camera,Electronics,Cameras,235.22
325,Time Decor,Home,Decor,278.78
326,Down Accessorie,Electronics,Accessories,284.08
327,First Furniture,Home,Furniture,297.89
328,Toward Non-Fiction,Books,Non-Fiction,275.55
329,Second Women,Clothing,Women,207.97
330,Charge Kid,Clothing,Kids,348.26
331,Sure Accessorie,Electronics,Accessories,330.37
332,Major Kitchen,Home,Kitchen,491.64
333,Who Education,Books,Education,486.42
334,Article Kid,Clothing,Kids,461.03
335,Or Comic,Books,Comics,375.21
336,Itself Laptop,Electronics,Laptops,200.2
337,Keep Camera,Electronics,Cameras,69.7
338,Onto Decor,Home,Decor,463.39
339,Next Comic,Books,Comics,139.62
340,Center Laptop,Electronics,Laptops,386.22
341,Important Laptop,Electronics,Laptops,227.54
342,Eight Garden,Home,Garden,182.35
343,Especially Footwear,Clothing,Footwear,136.18
344,Democrat Phone,Electronics,Phones,344.6
345,Give Laptop,Electronics,Laptops,167.26
346,Radio Laptop,Electronics,Laptops,201.14
347,Bar Accessorie,Electronics,Accessories,495.38
348,Win Camera,Electronics,Cameras,280.2
349,Listen Men,Clothing,Men,402.93
350,Throw Men,Clothing,Men,416.03
351,Hospital Women,Clothing,Women,203.29
352,Best Accessorie,Electronics,Accessories,42.12
353,North Laptop,Electronics,Laptops,224.5
354,Shake Men,Clothing,Men,415.53
355,Themselves Kitchen,Home,Kitchen,233.19
356,Cut Footwear,Clothing,Footwear,200.52
357,Approach Camera,Electronics,Cameras,90.54
358,Executive Women,Clothing,Women,225.78
359,Huge Men,Clothing,Men,310.4
360,Report Garden,Home,Garden,277.59
361,Point Phone,Electronics,Phones,72.93
362,Player Women,Clothing,Women,402.07
363,Among Camera,Electronics,Cameras,182.76
364,Tv Comic,Books,Comics,253.68
365,Baby Comic,Books,Comics,162.84
366,Cup Men,Clothing,Men,390.38
367,Summer Camera,Electronics,Cameras,384.59
368,Sort Women,Clothing,Women,330.15
369,People Kitchen,Home,Kitchen,474.16
370,Shake Comic,Books,Comics,495.81
371,Remain Women,Clothing,Women,162.41
372,Operation Kitchen,Home,Kitchen,179.08
373,Director Women,Clothing,Women,406.15
374,Measure Comic,Books,Comics,23.79
375,Detail Laptop,Electronics,Laptops,14.86
376,True Fiction,Books,Fiction,309.0
377,What Kid,Clothing,Kids,459.8
378,Go Kitchen,Home,Kitchen,295.37
379,Floor Men,Clothing,Men,431.03
380,When Accessorie,Electronics,Accessories,332.76
381,Administration Accessorie,Electronics,Accessories,72.54
382,Development Footwear,Clothing,Footwear,480.53
383,Write Furniture,Home,Furniture,283.18
384,Customer Furniture,Home,Furniture,408.15
385,Site Comic,Books,Comics,150.79
386,Buy Men,Clothing,Men,474.61
387,Skin Fiction,Books,Fiction,162.52
388,Somebody Men,Clothing,Men,74.62
389,Measure Laptop,Electronics,Laptops,163.16
390,Who Accessorie,Electronics,Accessories,136.28
391,Eight Men,Clothing,Men,394.57
392,Safe Phone,Electronics,Phones,367.63
393,Pm Footwear,Clothing,Footwear,192.46
394,Score Fiction,Books,Fiction,395.42
395,Democratic Women,Clothing,Women,400.6
396,Industry Accessorie,Electronics,Accessories,134.26
397,Whole Phone,Electronics,Phones,444.53
398,Education Men,Clothing,Men,449.57
399,Old Accessorie,Electronics,Accessories,308.75
400,Fund Fiction,Books,Fiction,328.55
401,Stand Non-Fiction,Books,Non-Fiction,168.89
402,Fear Footwear,Clothing,Footwear,362.41
403,Husband Decor,Home,Decor,52.48
404,Man Education,Books,Education,183.61
405,None Fiction,Books,Fiction,332.7
406,Range Non-Fiction,Books,Non-Fiction,107.44
407,Her Kitchen,Home,Kitchen,62.18
408,Foot Education,Books,Education,332.21
409,Every Camera,Electronics,Cameras,443.32
410,Here Furniture,Home,Furniture,135.33
411,Must Comic,Books,Comics,137.94
412,Us Laptop,Electronics,Laptops,335.4
413,Modern Accessorie,Electronics,Accessories,209.92
414,Man Men,Clothing,Men,410.11
415,Billion Education,Books,Education,121.64
416,Suggest Kitchen,Home,Kitchen,427.7
417,Seven Laptop,Electronics,Laptops,379.81
418,Manager Women,Clothing,Women,405.19
419,Sort Men,Clothing,Men,494.2
420,Those Non-Fiction,Books,Non-Fiction,315.48
421,Front Decor,Home,Decor,457.52
422,Who Phone,Electronics,Phones,201.69
423,Democrat Decor,Home,Decor,459.0
424,Hospital Camera,Electronics,Cameras,79.07
425,Form Phone,Electronics,Phones,54.99
426,Job Decor,Home,Decor,135.75
427,Answer Education,Books,Education,141.33
428,Order Footwear,Clothing,Footwear,445.34
429,Treat Furniture,Home,Furniture,240.23
430,Do Decor,Home,Decor,409.61
431,Site Decor,Home,Decor,248.35
432,Child Laptop,Electronics,Laptops,487.24
433,Admit Comic,Books,Comics,211.3
434,Every Laptop,Electronics,Laptops,457.15
435,On Education,Books,Education,434.26
436,Worry Laptop,Electronics,Laptops,356.24
437,Pattern Non-Fiction,Books,Non-Fiction,264.52
438,Particularly Laptop,Electronics,Laptops,417.3
439,Service Laptop,Electronics,Laptops,30.03
440,Key Furniture,Home,Furniture,412.64
441,Find Fiction,Books,Fiction,124.76
442,Claim Education,Books,Education,435.89
443,Deal Decor,Home,Decor,447.77
444,Girl Accessorie,Electronics,Accessories,29.58
445,Drug Women,Clothing,Women,340.46
446,Hundred Garden,Home,Garden,432.99
447,Over Camera,Electronics,Cameras,325.45
448,These Laptop,Electronics,Laptops,403.52
449,Else Decor,Home,Decor,191.36
450,Money Garden,Home,Garden,236.02
451,Oil Fiction,Books,Fiction,499.72
452,Real Decor,Home,Decor,58.51
453,Yet Accessorie,Electronics,Accessories,322.09
454,Reveal Decor,Home,Decor,476.33
455,Green Furniture,Home,Furniture,383.91
456,Even Camera,Electronics,Cameras,341.97
457,Source Camera,Electronics,Cameras,133.42
458,Term Education,Books,Education,22.48
459,Middle Kid,Clothing,Kids,115.07
460,Several Comic,Books,Comics,423.48
461,Quality Kid,Clothing,Kids,68.33
462,Sister Furniture,Home,Furniture,450.3
463,Military Laptop,Electronics,Laptops,373.38
464,Magazine Garden,Home,Garden,169.0
465,Concern Decor,Home,Decor,63.3
466,Significant Phone,Electronics,Phones,101.3
467,Stuff Camera,Electronics,Cameras,209.49
468,He Women,Clothing,Women,174.62
469,Condition Non-Fiction,Books,Non-Fiction,359.26
470,Challenge Camera,Electronics,Cameras,493.39
471,Service Kitchen,Home,Kitchen,140.4
472,Office Women,Clothing,Women,382.97
473,Middle Laptop,Electronics,Laptops,318.58
474,Create Education,Books,Education,194.74
475,Whom Laptop,Electronics,Laptops,475.28
476,Visit Furniture,Home,Furniture,7.04
477,Occur Women,Clothing,Women,175.45
478,Quality Men,Clothing,Men,296.39
479,Artist Men,Clothing,Men,152.61
480,Need Garden,Home,Garden,300.2
481,Along Garden,Home,Garden,497.76
482,Those Garden,Home,Garden,98.27
483,Throw Fiction,Books,Fiction,364.95
484,Bad Women,Clothing,Women,296.9
485,You Men,Clothing,Men,327.02
486,Television Camera,Electronics,Cameras,131.62
487,Relate Phone,Electronics,Phones,328.52
488,Anything Phone,Electronics,Phones,211.3
489,South Fiction,Books,Fiction,239.83
490,According Women,Clothing,Women,317.0
491,Itself Garden,Home,Garden,332.93
492,Certain Furniture,Home,Furniture,449.82
493,Thousand Accessorie,Electronics,Accessories,57.6
494,Professor Women,Clothing,Women,416.59
495,During Kid,Clothing,Kids,151.2
496,Author Camera,Electronics,Cameras,345.66
497,Second Comic,Books,Comics,11.31
498,City Phone,Electronics,Phones,336.17
499,Act Men,Clothing,Men,42.15
500,Discover Accessorie,Electronics,Accessories,231.09
