transaction_id,user_id,transaction_date,region,city,store_id,product_category,sale_amount,price,quantity,status,age,subscription,email,username,raw_timestamp
T00001,1032,2025-11-24,East,Chennai,S102,Sports,8924.45,601.09,9,Completed,53,Basic,user1@example.com,user1,2025-11-24 01:01:05
T00002,1072,2025-04-22,East,Kolkata,S104,Grocery,7264.02,1201.67,10,Cancelled,16,Premium,user2@example.com,user2,2025-04-22 22:27:21
T00003,1044,2025-05-23,West,Bengaluru,S107,Electronics,11490.84,819.62,6,Cancelled,54,Basic,user3@example.com,user3,2025-05-23 01:46:29
T00004,1011,2025-10-02,North,Pune,S110,Furniture,11075.31,667.89,2,Completed,58,Premium,user4@example.com,user4,2025-10-02 09:05:54
T00005,1059,2025-04-30,North,Chennai,S106,Clothing,4623.5,4339.09,4,Cancelled,60,Standard,user5@example.com,user5,2025-04-30 20:04:38
T00006,1021,2025-11-22,South,Kolkata,S105,Sports,8776.61,897.14,9,Pending,59,Basic,user6@example.com,user6,2025-11-22 01:14:52
T00007,1009,2025-01-17,East,Pune,S104,Sports,4873.86,4034.98,8,,57,Basic,user7@example.com,user7,2025-01-17 04:16:08
T00008,1096,2025-05-07,South,Kolkata,S106,Furniture,6513.83,3737.7,3,,21,Premium,user8@example.com,user8,2025-05-07 03:09:40
T00009,1009,2025-03-23,South,Kolkata,S110,Grocery,5123.7,3970.79,9,Cancelled,51,Premium,user9@example.com,user9,2025-03-23 21:46:07
T00010,1099,2025-12-16,North,Bengaluru,S105,Grocery,9035.45,4429.7,3,,16,Standard,user10@example.com,user10,2025-12-16 23:16:32
T00011,1081,2025-04-02,North,Mumbai,S103,Clothing,1366.29,2563.02,3,Completed,54,Basic,user11@example.com,user11,2025-04-02 15:01:07
T00012,1040,2025-07-05,East,Hyderabad,S104,Books,9996.82,4399.67,2,Completed,62,Basic,user12@example.com,user12,2025-07-05 02:48:34
T00013,1071,2025-03-06,East,Delhi,S109,Books,5755.86,685.54,7,Pending,50,Standard,user13@example.com,user13,2025-03-06 22:12:45
T00014,1048,2025-06-09,South,Ahmedabad,S102,Furniture,8093.07,2025.01,4,Completed,37,Premium,user14@example.com,user14,2025-06-09 18:35:14
T00015,1081,2025-10-29,West,Mumbai,S102,Electronics,944.82,1140.08,6,Completed,48,Premium,user15@example.com,user15,2025-10-29 08:42:31
T00016,1074,2025-04-20,South,Mumbai,S108,Grocery,8707.9,2719.21,4,Completed,22,Standard,user16@example.com,user16,2025-04-20 13:22:27
T00017,1087,2025-07-30,West,Hyderabad,S107,Sports,8776.0,2361.77,6,Completed,31,Premium,,user17,2025-07-30 06:34:28
T00018,1032,2025-03-13,West,Ahmedabad,S109,Electronics,3414.69,2138.31,1,Completed,21,Premium,user18@example.com,user18,2025-03-13 05:26:31
T00019,1008,2025-09-04,East,Kolkata,S101,Grocery,4872.38,,5,,34,Basic,user19@example.com,user19,2025-09-04 22:46:50
T00020,1025,2025-10-12,North,Mumbai,S101,Books,5891.39,3326.26,9,Completed,63,Basic,user20@example.com,user20,2025-10-12 01:03:37
T00021,1021,2025-09-02,West,Bengaluru,S103,Electronics,10247.37,2539.11,10,Completed,59,Premium,user21@example.com,user21,2025-09-02 12:07:56
T00022,1080,2025-10-19,West,Kolkata,S110,Books,7174.78,1268.77,9,Cancelled,32,Premium,user22@example.com,user22,2025-10-19 21:45:20
T00023,1083,2025-05-03,North,Ahmedabad,S106,Electronics,,1364.79,1,,55,Standard,user23@example.com,user23,2025-05-03 03:04:34
T00024,1045,2025-04-20,West,Mumbai,S106,Clothing,1676.23,2554.13,3,,50,Standard,user24@example.com,user24,2025-04-20 09:39:51
T00025,1071,2025-12-01,North,Bengaluru,S103,Clothing,8047.57,2668.26,2,Completed,63,Standard,user25@example.com,user25,2025-12-01 04:17:18
T00026,1088,2025-11-06,North,Ahmedabad,S105,Electronics,4180.28,1092.62,2,,33,Premium,user26@example.com,user26,2025-11-06 00:21:49
T00027,1095,2025-03-08,South,Kolkata,S109,Electronics,3217.27,3203.71,2,Completed,60,Premium,user27@example.com,user27,2025-03-08 17:02:53
T00028,1017,2025-07-09,West,Delhi,S106,Electronics,1862.32,2933.42,6,Pending,59,Premium,user28@example.com,user28,2025-07-09 21:06:22
T00029,1080,2025-10-14,East,Mumbai,S103,Furniture,4935.89,4426.47,7,Completed,27,Standard,user29@example.com,,2025-10-14 10:50:59
T00030,1032,2025-07-30,North,Chennai,S102,Grocery,10382.36,4021.06,1,,30,Premium,user30@example.com,user30,2025-07-30 14:22:19
T00031,1052,2025-04-27,North,Delhi,S102,Clothing,7954.39,1153.47,6,,59,Standard,user31@example.com,user31,2025-04-27 10:01:07
T00032,1034,2025-05-14,West,Bengaluru,S110,Grocery,11554.16,933.91,6,Cancelled,43,Standard,user32@example.com,user32,2025-05-14 16:07:24
T00033,1056,2025-10-23,West,Mumbai,S106,Grocery,628.2,990.89,2,Cancelled,55,Basic,user33@example.com,user33,2025-10-23 21:54:07
T00034,1042,2025-06-03,South,Delhi,S109,Furniture,8036.03,2560.26,4,,58,Basic,,user34,2025-06-03 21:47:57
T00035,1071,2025-03-31,West,Delhi,S105,Furniture,3681.3,3096.8,7,Cancelled,45,Basic,user35@example.com,user35,2025-03-31 14:43:13
T00036,1095,2025-09-19,East,Bengaluru,S105,Books,10824.05,2392.27,10,Cancelled,21,Premium,user36@example.com,user36,2025-09-19 21:19:14
T00037,1061,2025-04-12,West,Ahmedabad,S107,Sports,649.94,779.4,10,Pending,61,Standard,user37@example.com,user37,2025-04-12 12:31:25
T00038,1097,2025-05-05,West,Kolkata,S104,Furniture,8282.71,,9,,19,Standard,user38@example.com,user38,2025-05-05 07:58:54
T00039,1086,2025-03-04,North,Ahmedabad,S110,Sports,9636.86,2309.49,9,,51,Basic,user39@example.com,user39,2025-03-04 05:47:55
T00040,1082,2025-09-01,North,Ahmedabad,S104,Clothing,9046.14,2277.85,8,Completed,61,Basic,user40@example.com,user40,2025-09-01 07:17:21
T00041,1020,2025-06-13,East,Kolkata,S103,Sports,1058.87,4470.48,4,Completed,42,Basic,user41@example.com,user41,2025-06-13 10:34:29
T00042,1050,2025-08-01,West,Kolkata,S108,Electronics,10011.4,358.22,6,Cancelled,64,Basic,user42@example.com,user42,2025-08-01 13:34:47
T00043,1063,2025-10-07,East,Delhi,S107,Grocery,10783.96,4009.35,1,,37,Standard,user43@example.com,user43,2025-10-07 21:51:25
T00044,1080,2025-03-26,West,Kolkata,S110,Books,11042.55,4210.5,1,Completed,57,Basic,user44@example.com,user44,2025-03-26 04:55:29
T00045,1028,2025-04-04,South,Pune,S106,Grocery,4611.34,298.91,5,,32,Premium,user45@example.com,user45,2025-04-04 15:01:47
T00046,1029,2025-10-04,West,Hyderabad,S101,Furniture,,307.82,4,Completed,55,Premium,user46@example.com,user46,2025-10-04 07:08:30
T00047,1060,2025-12-09,North,Pune,S103,Books,11378.31,616.23,10,Completed,65,Premium,user47@example.com,user47,2025-12-09 09:06:37
T00048,1049,2025-01-14,South,Mumbai,S102,Books,6951.98,4647.99,4,Completed,60,Basic,user48@example.com,user48,2025-01-14 21:38:51
T00049,1006,2025-03-03,North,Kolkata,S106,Electronics,6834.6,3991.32,9,Cancelled,16,Basic,user49@example.com,user49,2025-03-03 15:06:27
T00050,1091,2025-07-05,East,Kolkata,S103,Sports,9961.62,3196.15,9,Cancelled,55,Standard,user50@example.com,user50,2025-07-05 15:29:27
T00051,1012,2025-10-31,North,Ahmedabad,S104,Grocery,10235.39,1378.56,10,,37,Premium,,user51,2025-10-31 15:54:20
T00052,1034,2025-04-04,North,Delhi,S110,Sports,4322.42,2463.37,5,Completed,49,Premium,user52@example.com,user52,2025-04-04 02:15:46
T00053,1089,2025-07-28,South,Ahmedabad,S108,Electronics,9122.16,2468.46,2,Cancelled,30,Basic,user53@example.com,user53,2025-07-28 22:15:19
T00054,1068,2025-12-06,North,Kolkata,S109,Clothing,5731.8,2928.7,6,,33,Basic,user54@example.com,user54,2025-12-06 08:14:07
T00055,1098,2025-04-09,East,Mumbai,S104,Sports,8940.28,1611.96,8,Cancelled,62,Standard,user55@example.com,user55,2025-04-09 16:38:18
T00056,1047,2025-02-21,East,Delhi,S101,Sports,3625.33,4171.51,9,Pending,33,Premium,user56@example.com,user56,2025-02-21 01:35:18
T00057,1097,2025-12-24,South,Bengaluru,S101,Books,7690.65,,5,,46,Basic,user57@example.com,user57,2025-12-24 10:11:03
T00058,1009,2025-05-10,South,Ahmedabad,S102,Books,5784.98,4708.26,1,Pending,25,Standard,user58@example.com,,2025-05-10 09:05:15
T00059,1077,2025-03-02,East,Kolkata,S108,Grocery,5052.47,2812.46,5,,35,Standard,user59@example.com,user59,2025-03-02 19:03:39
T00060,1028,2025-02-20,North,Bengaluru,S103,Furniture,2572.68,4740.57,3,Completed,26,Premium,user60@example.com,user60,2025-02-20 13:28:44
T00061,1037,2025-11-01,North,Ahmedabad,S102,Sports,488.41,2376.07,4,Cancelled,56,Standard,user61@example.com,user61,2025-11-01 21:51:59
T00062,1083,2025-04-12,East,Delhi,S103,Electronics,6580.29,2154.44,1,Pending,35,Standard,user62@example.com,user62,2025-04-12 23:52:36
T00063,1039,2025-05-28,South,Delhi,S109,Books,5677.51,2223.81,8,,21,Standard,user63@example.com,user63,2025-05-28 01:56:27
T00064,1030,2025-06-15,West,Delhi,S110,Electronics,407.79,3038.38,3,,49,Standard,user64@example.com,user64,2025-06-15 14:58:17
T00065,1063,2025-04-03,West,Ahmedabad,S106,Grocery,5287.03,4984.88,6,Cancelled,58,Premium,user65@example.com,user65,2025-04-03 05:21:26
T00066,1052,2025-12-22,West,Ahmedabad,S102,Clothing,7984.74,2502.57,5,Cancelled,23,Basic,user66@example.com,user66,2025-12-22 16:52:00
T00067,1007,2025-12-03,East,Pune,S110,Grocery,5597.52,4353.37,8,Completed,29,Basic,user67@example.com,user67,2025-12-03 17:08:59
T00068,1016,2025-05-28,West,Mumbai,S103,Clothing,8409.18,2218.67,9,Completed,51,Basic,,user68,2025-05-28 02:14:53
T00069,1020,2025-02-28,South,Delhi,S109,Sports,,2334.17,5,,46,Basic,user69@example.com,user69,2025-02-28 07:29:35
T00070,1066,2025-03-16,East,Bengaluru,S105,Grocery,11070.23,1948.75,6,Cancelled,16,Basic,user70@example.com,user70,2025-03-16 23:19:53
T00071,1020,2025-10-28,South,Ahmedabad,S106,Clothing,7953.29,2920.62,9,,45,Basic,user71@example.com,user71,2025-10-28 06:44:15
T00072,1053,2025-10-20,West,Pune,S108,Sports,10286.55,1945.71,7,,58,Standard,user72@example.com,user72,2025-10-20 04:31:02
T00073,1013,2025-03-06,South,Bengaluru,S109,Grocery,7123.15,2536.34,1,Pending,42,Standard,user73@example.com,user73,2025-03-06 04:04:30
T00074,1084,2025-05-16,West,Pune,S109,Grocery,8343.18,1725.88,6,,50,Premium,user74@example.com,user74,2025-05-16 19:04:15
T00075,1030,2025-11-20,West,Kolkata,S102,Sports,3519.81,3437.78,2,,26,Standard,user75@example.com,user75,2025-11-20 09:57:01
T00076,1046,2025-01-24,North,Kolkata,S103,Furniture,767.82,,9,,52,Standard,user76@example.com,user76,2025-01-24 05:10:11
T00077,1088,2025-02-10,East,Ahmedabad,S110,Furniture,4652.28,3066.98,4,,56,Basic,user77@example.com,user77,2025-02-10 14:16:42
T00078,1037,2025-01-05,East,Bengaluru,S108,Clothing,5636.51,4499.6,10,Cancelled,56,Basic,user78@example.com,user78,2025-01-05 22:16:29
T00079,1062,2025-06-04,West,Mumbai,S107,Books,4677.85,1036.12,6,Cancelled,60,Basic,user79@example.com,user79,2025-06-04 00:53:42
T00080,1088,2025-07-22,West,Ahmedabad,S105,Furniture,6834.56,1408.68,10,Cancelled,30,Standard,user80@example.com,user80,2025-07-22 06:39:16
T00081,1088,2025-12-14,East,Bengaluru,S101,Clothing,9232.9,3790.11,8,Completed,53,Basic,user81@example.com,user81,2025-12-14 23:08:05
T00082,1026,2025-06-01,East,Pune,S109,Books,5044.49,1667.26,5,Pending,32,Basic,user82@example.com,user82,2025-06-01 09:47:55
T00083,1010,2025-06-23,East,Mumbai,S107,Books,5673.14,4030.95,6,Completed,41,Premium,user83@example.com,user83,2025-06-23 08:34:07
T00084,1034,2025-08-21,South,Pune,S102,Sports,9013.24,1874.5,4,,17,Standard,user84@example.com,user84,2025-08-21 17:20:58
T00085,1060,2025-11-09,North,Kolkata,S102,Furniture,852.28,1145.77,1,Completed,35,Basic,,user85,2025-11-09 03:06:15
T00086,1086,2025-10-03,South,Chennai,S107,Sports,5498.36,721.54,2,,55,Basic,user86@example.com,user86,2025-10-03 08:02:44
T00087,1031,2025-07-09,North,Bengaluru,S106,Books,5391.88,1125.48,6,Completed,41,Basic,user87@example.com,,2025-07-09 06:07:54
T00088,1082,2025-08-21,West,Hyderabad,S106,Furniture,2624.06,503.78,3,Pending,20,Standard,user88@example.com,user88,2025-08-21 06:37:13
T00089,1077,2025-04-30,West,Delhi,S103,Furniture,1855.89,1676.37,9,Cancelled,27,Premium,user89@example.com,user89,2025-04-30 21:55:01
T00090,1031,2025-03-09,North,Hyderabad,S103,Clothing,9500.82,123.56,1,Pending,63,Basic,user90@example.com,user90,2025-03-09 16:07:47
T00091,1066,2025-02-02,West,Ahmedabad,S109,Furniture,9358.4,2407.42,10,Completed,62,Standard,user91@example.com,user91,2025-02-02 16:19:29
T00092,1062,2025-11-26,South,Kolkata,S102,Grocery,,4821.93,8,Completed,21,Basic,user92@example.com,user92,2025-11-26 19:09:04
T00093,1071,2025-03-06,North,Kolkata,S110,Books,7633.61,1411.33,5,,48,Standard,user93@example.com,user93,2025-03-06 13:06:50
T00094,1099,2025-12-26,East,Kolkata,S108,Furniture,7891.08,616.35,7,Cancelled,45,Basic,user94@example.com,user94,2025-12-26 13:46:06
T00095,1048,2025-06-10,East,Ahmedabad,S102,Electronics,8014.78,,2,Completed,43,Premium,user95@example.com,user95,2025-06-10 23:47:23
T00096,1072,2025-03-08,North,Bengaluru,S107,Clothing,7078.93,2804.04,7,Completed,34,Standard,user96@example.com,user96,2025-03-08 09:22:06
T00097,1062,2025-10-23,East,Bengaluru,S106,Books,1941.29,2561.69,6,Completed,64,Basic,user97@example.com,user97,2025-10-23 18:14:51
T00098,1080,2025-08-08,West,Delhi,S101,Furniture,11697.1,4233.52,5,Cancelled,37,Basic,user98@example.com,user98,2025-08-08 00:11:55
T00099,1019,2025-03-15,West,Bengaluru,S109,Furniture,4869.33,2853.29,7,,45,Basic,user99@example.com,user99,2025-03-15 05:23:19
T00100,1011,2025-06-16,West,Chennai,S103,Books,6854.36,3895.34,1,Completed,33,Basic,user100@example.com,user100,2025-06-16 21:27:31
T00101,1097,2025-11-07,West,Pune,S107,Electronics,3350.69,2238.12,5,,49,Standard,user101@example.com,user101,2025-11-07 09:02:14
T00102,1027,2025-07-22,North,Mumbai,S103,Clothing,751.91,4923.01,5,Cancelled,23,Premium,,user102,2025-07-22 15:47:27
T00103,1030,2025-03-31,North,Bengaluru,S107,Sports,6437.73,689.47,1,,17,Basic,user103@example.com,user103,2025-03-31 02:55:20
T00104,1082,2025-10-22,South,Delhi,S102,Grocery,4912.63,2174.96,1,Cancelled,26,Standard,user104@example.com,user104,2025-10-22 14:53:44
T00105,1032,2025-07-05,South,Kolkata,S109,Electronics,10149.36,486.24,7,Cancelled,63,Basic,user105@example.com,user105,2025-07-05 07:21:49
T00106,1068,2025-03-28,East,Pune,S106,Sports,7635.37,428.08,3,Pending,22,Premium,user106@example.com,user106,2025-03-28 08:12:11
T00107,1010,2025-11-05,East,Ahmedabad,S108,Books,9133.91,806.71,10,,59,Standard,user107@example.com,user107,2025-11-05 20:40:39
T00108,1020,2025-06-15,South,Bengaluru,S108,Grocery,7563.89,4328.02,5,Cancelled,53,Premium,user108@example.com,user108,2025-06-15 11:32:04
T00109,1048,2025-06-08,North,Bengaluru,S102,Books,547.53,2335.63,10,,45,Standard,user109@example.com,user109,2025-06-08 17:50:47
T00110,1084,2025-01-22,East,Pune,S110,Grocery,9736.81,2276.18,9,Pending,19,Basic,user110@example.com,user110,2025-01-22 03:51:57
T00111,1083,2025-06-25,East,Hyderabad,S104,Sports,1103.52,4912.81,8,,49,Standard,user111@example.com,user111,2025-06-25 19:10:23
T00112,1100,2025-07-10,North,Hyderabad,S106,Electronics,4710.26,4593.79,6,Completed,51,Standard,user112@example.com,user112,2025-07-10 12:18:16
T00113,1020,2025-12-03,North,Bengaluru,S110,Sports,7272.14,4823.83,3,Cancelled,35,Standard,user113@example.com,user113,2025-12-03 22:42:25
T00114,1040,2025-03-08,South,Pune,S103,Sports,11262.23,,9,Completed,57,Standard,user114@example.com,user114,2025-03-08 13:32:23
T00115,1028,2025-01-10,North,Ahmedabad,S104,Furniture,,1844.86,3,Pending,20,Basic,user115@example.com,user115,2025-01-10 03:32:49
T00116,1005,2025-10-04,North,Chennai,S110,Grocery,10615.82,4183.84,3,Pending,27,Standard,user116@example.com,,2025-10-04 19:51:57
T00117,1047,2025-03-26,East,Ahmedabad,S110,Clothing,619.94,3619.86,8,Pending,50,Premium,user117@example.com,user117,2025-03-26 09:51:50
T00118,1087,2025-08-29,South,Ahmedabad,S105,Grocery,2408.79,4524.67,9,,26,Premium,user118@example.com,user118,2025-08-29 19:08:55
T00119,1048,2025-05-09,West,Bengaluru,S105,Electronics,5819.03,308.29,3,Cancelled,44,Standard,,user119,2025-05-09 04:53:27
T00120,1058,2025-02-16,North,Hyderabad,S107,Electronics,2742.25,4734.75,7,Cancelled,31,Basic,user120@example.com,user120,2025-02-16 02:23:14
T00121,1092,2025-01-15,North,Chennai,S103,Electronics,1279.09,1627.49,5,,60,Premium,user121@example.com,user121,2025-01-15 22:30:28
T00122,1033,2025-11-12,East,Chennai,S109,Sports,1042.79,75.99,10,,23,Basic,user122@example.com,user122,2025-11-12 07:19:07
T00123,1080,2025-01-25,South,Bengaluru,S102,Grocery,7703.53,1230.28,10,Completed,56,Standard,user123@example.com,user123,2025-01-25 18:15:45
T00124,1046,2025-03-15,East,Kolkata,S103,Sports,118.62,1491.8,2,Cancelled,20,Standard,user124@example.com,user124,2025-03-15 17:32:50
T00125,1061,2025-09-17,West,Kolkata,S106,Clothing,4746.4,2793.05,1,Cancelled,20,Basic,user125@example.com,user125,2025-09-17 07:46:42
T00126,1097,2025-11-18,North,Chennai,S101,Clothing,7024.65,563.14,9,Cancelled,57,Premium,user126@example.com,user126,2025-11-18 21:29:44
T00127,1009,2025-09-03,South,Hyderabad,S105,Furniture,9756.82,3177.09,1,Pending,18,Basic,user127@example.com,user127,2025-09-03 09:32:25
T00128,1083,2025-10-06,East,Delhi,S106,Electronics,535.79,2393.33,6,Cancelled,23,Basic,user128@example.com,user128,2025-10-06 13:56:25
T00129,1024,2025-08-14,South,Ahmedabad,S106,Books,4701.07,4478.46,5,Completed,62,Basic,user129@example.com,user129,2025-08-14 02:27:38
T00130,1011,2025-04-03,North,Delhi,S105,Grocery,3922.42,2750.1,10,,26,Standard,user130@example.com,user130,2025-04-03 14:22:28
T00131,1079,2025-01-22,South,Delhi,S101,Electronics,10948.13,3647.73,7,Cancelled,48,Standard,user131@example.com,user131,2025-01-22 21:10:01
T00132,1057,2025-03-15,West,Chennai,S102,Furniture,8169.26,4250.91,6,Cancelled,40,Standard,user132@example.com,user132,2025-03-15 01:38:09
T00133,1057,2025-12-14,West,Chennai,S109,Clothing,4514.48,,7,Cancelled,57,Basic,user133@example.com,user133,2025-12-14 07:07:01
T00134,1072,2025-04-06,West,Delhi,S105,Sports,4705.15,2520.27,8,Pending,55,Basic,user134@example.com,user134,2025-04-06 22:58:31
T00135,1058,2025-04-13,East,Ahmedabad,S102,Sports,10248.63,657.06,6,Cancelled,61,Premium,user135@example.com,user135,2025-04-13 17:34:18
T00136,1090,2025-06-03,East,Pune,S109,Furniture,8570.53,4264.24,2,Pending,24,Premium,,user136,2025-06-03 15:01:23
T00137,1071,2025-10-11,East,Bengaluru,S102,Clothing,5662.13,2882.77,7,,49,Basic,user137@example.com,user137,2025-10-11 13:52:36
T00138,1010,2025-02-07,South,Ahmedabad,S109,Clothing,,670.37,3,Pending,65,Premium,user138@example.com,user138,2025-02-07 13:32:58
T00139,1039,2025-01-29,East,Chennai,S106,Sports,6265.42,4165.38,4,Cancelled,49,Basic,user139@example.com,user139,2025-01-29 02:16:12
T00140,1081,2025-11-22,North,Bengaluru,S109,Sports,3365.97,4783.94,3,Pending,26,Standard,user140@example.com,user140,2025-11-22 19:46:57
T00141,1006,2025-11-06,West,Bengaluru,S101,Sports,11094.76,1721.22,10,Cancelled,57,Premium,user141@example.com,user141,2025-11-06 18:26:39
T00142,1070,2025-11-24,North,Delhi,S108,Furniture,10679.06,199.92,7,Cancelled,45,Premium,user142@example.com,user142,2025-11-24 22:03:10
T00143,1044,2025-08-14,East,Pune,S106,Sports,5626.86,2107.33,6,,24,Basic,user143@example.com,user143,2025-08-14 16:35:06
T00144,1058,2025-06-13,East,Chennai,S102,Electronics,1558.01,1246.6,5,,55,Basic,user144@example.com,user144,2025-06-13 07:55:57
T00145,1093,2025-03-23,North,Mumbai,S103,Grocery,11211.64,4076.72,9,,47,Basic,user145@example.com,,2025-03-23 15:01:05
T00146,1028,2025-07-21,North,Hyderabad,S101,Clothing,11603.57,2551.95,8,,34,Standard,user146@example.com,user146,2025-07-21 00:54:06
T00147,1047,2025-08-09,South,Pune,S101,Grocery,3247.23,712.98,1,Pending,39,Standard,user147@example.com,user147,2025-08-09 09:04:24
T00148,1080,2025-09-16,West,Chennai,S102,Grocery,6643.3,2279.25,6,Cancelled,51,Basic,user148@example.com,user148,2025-09-16 04:12:38
T00149,1005,2025-09-18,East,Pune,S108,Books,579.03,2036.87,8,Pending,54,Standard,user149@example.com,user149,2025-09-18 04:20:59
T00150,1079,2025-11-10,North,Pune,S109,Books,4776.16,1626.72,9,,61,Standard,user150@example.com,user150,2025-11-10 09:30:52
T00151,1054,2025-01-09,North,Hyderabad,S110,Grocery,8118.3,1873.37,5,Pending,62,Premium,user151@example.com,user151,2025-01-09 18:30:10
T00152,1049,2025-09-26,East,Mumbai,S101,Books,7474.86,,2,Pending,17,Basic,user152@example.com,user152,2025-09-26 10:26:09
T00153,1100,2025-07-31,South,Hyderabad,S103,Books,4983.49,3467.98,4,Cancelled,58,Basic,,user153,2025-07-31 16:24:20
T00154,1070,2025-03-30,North,Delhi,S110,Grocery,6444.21,2325.33,4,Pending,33,Standard,user154@example.com,user154,2025-03-30 09:14:19
T00155,1063,2025-05-28,North,Ahmedabad,S106,Books,8313.85,3539.26,5,Cancelled,23,Standard,user155@example.com,user155,2025-05-28 21:34:24
T00156,1019,2025-07-22,North,Hyderabad,S105,Sports,11459.85,4100.97,2,Cancelled,44,Standard,user156@example.com,user156,2025-07-22 08:47:30
T00157,1072,2025-04-20,North,Chennai,S102,Books,6509.08,1050.24,10,Pending,31,Premium,user157@example.com,user157,2025-04-20 21:57:33
T00158,1053,2025-04-26,North,Ahmedabad,S102,Sports,724.64,3207.83,3,Completed,51,Premium,user158@example.com,user158,2025-04-26 13:41:59
T00159,1037,2025-09-01,North,Delhi,S101,Electronics,2473.53,2413.37,10,Pending,50,Standard,user159@example.com,user159,2025-09-01 23:54:59
T00160,1023,2025-01-20,West,Kolkata,S108,Furniture,2183.27,4570.49,5,Completed,16,Basic,user160@example.com,user160,2025-01-20 18:38:06
T00161,1070,2025-06-21,South,Chennai,S109,Grocery,,1458.58,5,Pending,23,Basic,user161@example.com,user161,2025-06-21 05:46:29
T00162,1095,2025-11-28,North,Delhi,S110,Sports,2315.77,1323.46,4,Pending,55,Standard,user162@example.com,user162,2025-11-28 12:52:27
T00163,1013,2025-09-21,East,Chennai,S108,Clothing,4869.92,1673.24,4,Completed,32,Basic,user163@example.com,user163,2025-09-21 07:28:48
T00164,1093,2025-05-17,West,Delhi,S106,Sports,3693.16,4772.47,4,Completed,58,Premium,user164@example.com,user164,2025-05-17 14:19:10
T00165,1091,2025-07-27,North,Bengaluru,S105,Clothing,11084.96,3446.06,10,Pending,30,Premium,user165@example.com,user165,2025-07-27 15:09:29
T00166,1061,2025-11-07,East,Mumbai,S110,Electronics,8453.09,1899.44,9,,49,Standard,user166@example.com,user166,2025-11-07 11:04:58
T00167,1065,2025-10-16,East,Chennai,S103,Clothing,9962.41,605.43,9,,23,Standard,user167@example.com,user167,2025-10-16 06:45:37
T00168,1008,2025-09-08,South,Chennai,S109,Grocery,6173.47,500.16,8,Completed,51,Basic,user168@example.com,user168,2025-09-08 21:51:19
T00169,1096,2025-01-12,East,Bengaluru,S101,Grocery,9815.79,2009.95,6,Completed,50,Premium,user169@example.com,user169,2025-01-12 02:59:30
T00170,1018,2025-01-17,South,Pune,S107,Grocery,2241.78,1471.1,7,,21,Standard,,user170,2025-01-17 21:55:34
T00171,1023,2025-03-10,South,Chennai,S104,Electronics,4238.46,,1,Cancelled,45,Standard,user171@example.com,user171,2025-03-10 23:34:27
T00172,1059,2025-09-30,North,Chennai,S105,Furniture,2833.0,1927.42,2,Completed,58,Basic,user172@example.com,user172,2025-09-30 19:49:59
T00173,1077,2025-01-09,West,Ahmedabad,S110,Sports,900.76,1241.3,1,Pending,63,Premium,user173@example.com,user173,2025-01-09 12:28:14
T00174,1008,2025-10-04,East,Delhi,S104,Sports,10378.39,1125.48,10,Cancelled,52,Standard,user174@example.com,,2025-10-04 21:52:20
T00175,1085,2025-05-02,East,Kolkata,S105,Clothing,1804.8,1543.73,1,Pending,56,Standard,user175@example.com,user175,2025-05-02 13:35:31
T00176,1086,2025-01-25,South,Pune,S107,Grocery,11304.88,4862.84,3,Cancelled,40,Premium,user176@example.com,user176,2025-01-25 17:30:15
T00177,1060,2025-04-26,West,Kolkata,S107,Books,8520.16,1538.65,9,Pending,40,Premium,user177@example.com,user177,2025-04-26 08:13:21
T00178,1048,2025-11-28,West,Mumbai,S101,Clothing,5452.46,441.4,7,Completed,20,Premium,user178@example.com,user178,2025-11-28 18:46:42
T00179,1043,2025-10-14,North,Hyderabad,S104,Furniture,2585.78,1124.23,2,,31,Standard,user179@example.com,user179,2025-10-14 19:45:13
T00180,1100,2025-07-23,North,Kolkata,S108,Books,6669.74,4579.88,6,Cancelled,32,Basic,user180@example.com,user180,2025-07-23 16:56:31
T00181,1061,2025-08-27,North,Mumbai,S106,Clothing,11777.69,538.11,7,Completed,52,Premium,user181@example.com,user181,2025-08-27 23:09:01
T00182,1093,2025-05-14,South,Delhi,S103,Furniture,7049.98,2788.89,6,Pending,40,Standard,user182@example.com,user182,2025-05-14 07:31:35
T00183,1098,2025-12-02,South,Ahmedabad,S108,Furniture,4117.01,4720.15,6,Pending,24,Standard,user183@example.com,user183,2025-12-02 17:31:11
T00184,1068,2025-10-05,West,Bengaluru,S101,Electronics,,4952.1,7,Pending,56,Premium,user184@example.com,user184,2025-10-05 02:45:09
T00185,1008,2025-01-05,South,Ahmedabad,S101,Electronics,5526.51,1132.66,9,,16,Premium,user185@example.com,user185,2025-01-05 16:46:17
T00186,1090,2025-10-02,South,Chennai,S102,Electronics,304.0,4888.52,9,Pending,31,Premium,user186@example.com,user186,2025-10-02 19:33:16
T00187,1048,2025-07-01,South,Ahmedabad,S110,Furniture,4823.07,1373.26,4,Cancelled,59,Premium,,user187,2025-07-01 20:54:41
T00188,1071,2025-01-17,South,Hyderabad,S101,Sports,4613.24,512.83,3,Completed,47,Basic,user188@example.com,user188,2025-01-17 20:50:21
T00189,1068,2025-10-17,West,Mumbai,S104,Sports,11688.69,4887.78,10,,33,Premium,user189@example.com,user189,2025-10-17 02:43:59
T00190,1005,2025-05-24,East,Pune,S101,Furniture,6805.77,,10,Pending,64,Standard,user190@example.com,user190,2025-05-24 12:59:04
T00191,1050,2025-06-03,North,Kolkata,S103,Sports,2961.62,854.13,2,Cancelled,19,Premium,user191@example.com,user191,2025-06-03 13:14:53
T00192,1077,2025-02-08,South,Pune,S101,Sports,9251.17,1735.93,5,,47,Premium,user192@example.com,user192,2025-02-08 11:35:24
T00193,1049,2025-08-10,West,Delhi,S104,Sports,7071.91,969.4,2,Completed,33,Premium,user193@example.com,user193,2025-08-10 12:45:50
T00194,1047,2025-11-21,West,Bengaluru,S101,Clothing,4736.5,813.67,8,Cancelled,64,Basic,user194@example.com,user194,2025-11-21 03:08:05
T00195,1066,2025-04-06,South,Bengaluru,S101,Electronics,6728.12,2183.35,6,Completed,54,Standard,user195@example.com,user195,2025-04-06 10:55:24
T00196,1011,2025-01-07,East,Chennai,S107,Furniture,4714.81,1494.64,3,Cancelled,35,Basic,user196@example.com,user196,2025-01-07 15:09:04
T00197,1062,2025-03-27,West,Pune,S105,Furniture,5111.12,2201.65,8,Pending,45,Premium,user197@example.com,user197,2025-03-27 04:19:00
T00198,1043,2025-07-22,South,Pune,S107,Sports,7480.29,1694.48,10,Pending,35,Basic,user198@example.com,user198,2025-07-22 19:44:12
T00199,1041,2025-09-03,North,Ahmedabad,S110,Furniture,11578.44,1605.21,6,,33,Basic,user199@example.com,user199,2025-09-03 11:07:59
T00200,1024,2025-10-16,West,Ahmedabad,S104,Grocery,11967.45,1039.01,5,Completed,42,Standard,user200@example.com,user200,2025-10-16 15:08:40
T00201,1092,2025-06-05,South,Kolkata,S102,Grocery,7938.09,1248.0,10,,53,Basic,user201@example.com,user201,2025-06-05 17:32:59
T00202,1047,2025-12-21,West,Bengaluru,S104,Sports,537.51,2120.59,6,Pending,57,Standard,user202@example.com,user202,2025-12-21 01:36:41
T00203,1043,2025-12-13,South,Bengaluru,S101,Electronics,11605.05,3251.38,5,Pending,48,Standard,user203@example.com,,2025-12-13 16:35:37
T00204,1051,2025-12-19,South,Chennai,S106,Electronics,5404.76,2897.42,8,Completed,34,Basic,,user204,2025-12-19 02:07:53
T00205,1027,2025-03-14,South,Pune,S108,Electronics,4182.49,1774.23,8,,36,Premium,user205@example.com,user205,2025-03-14 09:02:51
T00206,1083,2025-12-30,West,Chennai,S104,Books,10205.24,619.67,3,Pending,37,Standard,user206@example.com,user206,2025-12-30 13:29:14
T00207,1085,2025-07-27,South,Kolkata,S101,Sports,,3167.31,10,Pending,44,Standard,user207@example.com,user207,2025-07-27 13:24:00
T00208,1091,2025-12-27,West,Bengaluru,S109,Furniture,3412.3,1113.24,6,Cancelled,28,Basic,user208@example.com,user208,2025-12-27 03:16:42
T00209,1077,2025-09-08,South,Kolkata,S110,Electronics,7705.39,,6,Cancelled,45,Standard,user209@example.com,user209,2025-09-08 05:52:43
T00210,1076,2025-12-28,West,Chennai,S106,Electronics,11032.32,4013.04,4,Cancelled,23,Premium,user210@example.com,user210,2025-12-28 11:44:09
T00211,1074,2025-09-19,South,Kolkata,S103,Grocery,7197.47,1972.89,9,Pending,51,Premium,user211@example.com,user211,2025-09-19 15:18:08
T00212,1007,2025-04-06,North,Hyderabad,S108,Furniture,5466.91,1607.17,4,,51,Standard,user212@example.com,user212,2025-04-06 20:31:26
T00213,1057,2025-12-17,South,Chennai,S102,Books,8550.69,2484.04,1,Pending,34,Premium,user213@example.com,user213,2025-12-17 08:14:34
T00214,1096,2025-05-28,South,Bengaluru,S110,Electronics,5542.12,882.63,5,Cancelled,50,Premium,user214@example.com,user214,2025-05-28 23:28:34
T00215,1084,2025-04-22,East,Delhi,S101,Grocery,1318.76,4949.39,5,Cancelled,21,Basic,user215@example.com,user215,2025-04-22 03:49:51
T00216,1089,2025-05-02,North,Kolkata,S103,Books,8877.59,1088.9,3,Pending,29,Premium,user216@example.com,user216,2025-05-02 18:22:34
T00217,1091,2025-05-24,North,Delhi,S110,Clothing,2103.69,3004.45,9,Completed,24,Basic,user217@example.com,user217,2025-05-24 01:17:55
T00218,1032,2025-12-02,East,Pune,S104,Sports,10406.34,678.1,7,,25,Standard,user218@example.com,user218,2025-12-02 20:17:40
T00219,1099,2025-08-01,West,Kolkata,S109,Sports,998.64,1907.1,5,Cancelled,45,Basic,user219@example.com,user219,2025-08-01 10:37:00
T00220,1086,2025-02-17,North,Bengaluru,S109,Grocery,5555.55,3668.11,4,,29,Basic,user220@example.com,user220,2025-02-17 08:20:53
T00221,1073,2025-05-26,South,Pune,S101,Electronics,6977.41,1721.89,2,,17,Premium,,user221,2025-05-26 05:28:29
T00222,1089,2025-01-01,East,Delhi,S103,Clothing,5190.81,4959.6,2,Cancelled,32,Premium,user222@example.com,user222,2025-01-01 11:42:57
T00223,1040,2025-11-29,East,Kolkata,S102,Sports,4816.46,869.35,2,Completed,29,Basic,user223@example.com,user223,2025-11-29 02:08:37
T00224,1002,2025-04-26,North,Bengaluru,S107,Sports,5396.3,2621.25,3,,20,Premium,user224@example.com,user224,2025-04-26 12:05:46
T00225,1039,2025-02-22,East,Kolkata,S103,Sports,4473.98,560.85,3,Completed,49,Standard,user225@example.com,user225,2025-02-22 00:39:41
T00226,1081,2025-03-26,East,Kolkata,S110,Sports,8696.94,2228.49,8,Pending,21,Premium,user226@example.com,user226,2025-03-26 04:48:07
T00227,1055,2025-10-29,North,Chennai,S104,Clothing,4283.27,3663.55,2,Pending,51,Standard,user227@example.com,user227,2025-10-29 19:46:38
T00228,1085,2025-05-26,North,Mumbai,S109,Books,8316.67,,9,Pending,63,Basic,user228@example.com,user228,2025-05-26 09:41:03
T00229,1064,2025-05-03,West,Hyderabad,S106,Clothing,1441.65,2499.69,3,,52,Basic,user229@example.com,user229,2025-05-03 11:34:43
T00230,1099,2025-03-30,West,Hyderabad,S110,Electronics,,3825.49,1,Cancelled,29,Premium,user230@example.com,user230,2025-03-30 01:50:25
T00231,1099,2025-09-17,South,Kolkata,S107,Electronics,8580.29,1468.11,9,Pending,33,Premium,user231@example.com,user231,2025-09-17 09:05:32
T00232,1042,2025-04-15,South,Bengaluru,S105,Sports,1948.99,4872.85,7,Pending,19,Premium,user232@example.com,,2025-04-15 02:59:27
T00233,1040,2025-03-01,East,Bengaluru,S101,Sports,7345.11,2294.19,3,Completed,26,Basic,user233@example.com,user233,2025-03-01 11:33:33
T00234,1100,2025-05-13,North,Bengaluru,S101,Clothing,1610.47,876.47,7,Cancelled,49,Premium,user234@example.com,user234,2025-05-13 08:45:36
T00235,1047,2025-11-18,West,Ahmedabad,S110,Furniture,5516.85,431.5,6,Pending,32,Premium,user235@example.com,user235,2025-11-18 18:43:46
T00236,1006,2025-03-01,West,Mumbai,S101,Grocery,6155.02,1180.6,6,,25,Premium,user236@example.com,user236,2025-03-01 01:35:51
T00237,1054,2025-12-02,North,Delhi,S102,Books,3929.44,2125.88,6,Completed,48,Standard,user237@example.com,user237,2025-12-02 01:11:14
T00238,1009,2025-09-22,South,Delhi,S105,Clothing,11453.54,4908.0,2,,16,Basic,,user238,2025-09-22 06:18:36
T00239,1048,2025-06-05,South,Mumbai,S109,Furniture,2986.75,3710.9,3,Completed,42,Premium,user239@example.com,user239,2025-06-05 07:34:22
T00240,1043,2025-11-22,West,Kolkata,S105,Electronics,10538.66,4205.89,4,Pending,42,Basic,user240@example.com,user240,2025-11-22 01:09:45
T00241,1067,2025-05-24,South,Pune,S108,Sports,11063.17,510.48,2,Completed,48,Premium,user241@example.com,user241,2025-05-24 20:52:25
T00242,1085,2025-02-08,East,Mumbai,S105,Clothing,841.17,2979.88,6,,60,Standard,user242@example.com,user242,2025-02-08 10:20:28
T00243,1018,2025-05-20,West,Chennai,S102,Furniture,11328.3,1206.38,8,,36,Basic,user243@example.com,user243,2025-05-20 03:34:22
T00244,1016,2025-04-17,West,Chennai,S105,Sports,5613.82,2286.99,10,Completed,29,Basic,user244@example.com,user244,2025-04-17 04:05:45
T00245,1007,2025-05-08,North,Delhi,S103,Electronics,4815.31,4843.58,7,,51,Standard,user245@example.com,user245,2025-05-08 17:15:06
T00246,1016,2025-08-25,West,Hyderabad,S104,Furniture,9546.34,554.44,4,,39,Standard,user246@example.com,user246,2025-08-25 20:41:05
T00247,1010,2025-10-26,West,Bengaluru,S104,Sports,11017.4,,8,Pending,21,Basic,user247@example.com,user247,2025-10-26 03:02:29
T00248,1093,2025-01-26,South,Ahmedabad,S101,Grocery,6929.22,881.55,7,Pending,38,Premium,user248@example.com,user248,2025-01-26 05:17:17
T00249,1080,2025-08-17,East,Delhi,S108,Grocery,512.33,4422.95,9,,19,Premium,user249@example.com,user249,2025-08-17 08:24:08
T00250,1068,2025-08-03,East,Hyderabad,S107,Sports,10627.36,1037.32,6,,50,Basic,user250@example.com,user250,2025-08-03 11:58:36
T00251,1004,2025-09-15,North,Mumbai,S101,Clothing,3318.18,1641.94,1,,49,Basic,user251@example.com,user251,2025-09-15 18:14:10
T00252,1069,2025-02-21,West,Mumbai,S110,Grocery,2969.72,1276.89,6,Pending,27,Premium,user252@example.com,user252,2025-02-21 18:20:51
T00253,1091,2025-12-24,North,Chennai,S110,Furniture,,1825.98,8,Cancelled,27,Basic,user253@example.com,user253,2025-12-24 01:05:03
T00254,1062,2025-04-30,West,Pune,S110,Furniture,337.14,3028.23,3,Cancelled,61,Premium,user254@example.com,user254,2025-04-30 10:03:01
T00255,1100,2025-03-17,West,Pune,S102,Clothing,11014.97,2953.72,7,Completed,37,Basic,,user255,2025-03-17 10:08:10
T00256,1084,2025-08-12,North,Chennai,S109,Sports,11531.88,3969.62,10,Cancelled,30,Standard,user256@example.com,user256,2025-08-12 18:52:11
T00257,1017,2025-07-13,East,Hyderabad,S110,Grocery,8293.13,1568.77,10,Completed,27,Standard,user257@example.com,user257,2025-07-13 10:58:51
T00258,1064,2025-11-10,East,Pune,S102,Furniture,6830.05,1143.43,6,Cancelled,26,Standard,user258@example.com,user258,2025-11-10 02:52:45
T00259,1058,2025-12-10,West,Delhi,S104,Furniture,10651.18,3213.56,2,Cancelled,32,Premium,user259@example.com,user259,2025-12-10 23:00:03
T00260,1022,2025-07-17,South,Ahmedabad,S107,Clothing,5093.87,2219.19,9,,22,Basic,user260@example.com,user260,2025-07-17 18:41:48
T00261,1005,2025-12-18,North,Hyderabad,S106,Clothing,5470.32,1166.63,2,Completed,37,Premium,user261@example.com,,2025-12-18 12:10:46
T00262,1012,2025-02-08,North,Ahmedabad,S101,Grocery,10787.68,2757.88,3,,26,Premium,user262@example.com,user262,2025-02-08 03:21:13
T00263,1094,2025-04-08,North,Delhi,S105,Furniture,6693.94,2075.94,2,Completed,41,Standard,user263@example.com,user263,2025-04-08 17:53:31
T00264,1012,2025-03-20,North,Ahmedabad,S104,Electronics,145.41,319.8,1,Pending,26,Standard,user264@example.com,user264,2025-03-20 09:05:30
T00265,1063,2025-03-01,North,Bengaluru,S109,Grocery,4829.86,1576.35,3,Cancelled,40,Basic,user265@example.com,user265,2025-03-01 05:28:02
T00266,1035,2025-05-15,West,Chennai,S102,Electronics,3234.47,,6,,64,Standard,user266@example.com,user266,2025-05-15 07:35:03
T00267,1069,2025-07-18,South,Mumbai,S108,Clothing,5081.72,4101.11,2,,61,Premium,user267@example.com,user267,2025-07-18 16:36:57
T00268,1080,2025-09-22,East,Bengaluru,S108,Furniture,8162.67,4012.23,3,Pending,28,Premium,user268@example.com,user268,2025-09-22 01:27:05
T00269,1081,2025-12-16,East,Delhi,S106,Sports,11967.5,2205.2,2,Completed,40,Standard,user269@example.com,user269,2025-12-16 12:35:20
T00270,1002,2025-05-22,South,Bengaluru,S107,Furniture,11014.23,2622.46,3,Completed,22,Standard,user270@example.com,user270,2025-05-22 03:50:18
T00271,1034,2025-10-02,South,Ahmedabad,S110,Books,10546.93,4406.67,8,Completed,27,Basic,user271@example.com,user271,2025-10-02 12:09:39
T00272,1051,2025-11-08,North,Mumbai,S101,Sports,4880.47,3420.02,8,Cancelled,39,Premium,,user272,2025-11-08 10:52:50
T00273,1090,2025-06-05,West,Mumbai,S103,Clothing,10129.87,1589.2,8,Cancelled,33,Standard,user273@example.com,user273,2025-06-05 13:38:41
T00274,1053,2025-02-15,South,Pune,S101,Books,2615.55,980.28,3,Completed,35,Standard,user274@example.com,user274,2025-02-15 16:25:08
T00275,1025,2025-09-26,East,Hyderabad,S104,Electronics,444.48,4402.7,8,Completed,39,Standard,user275@example.com,user275,2025-09-26 06:17:23
T00276,1016,2025-08-26,West,Mumbai,S106,Grocery,,2550.38,10,,27,Basic,user276@example.com,user276,2025-08-26 18:35:22
T00277,1096,2025-06-26,West,Delhi,S101,Grocery,10744.45,859.39,1,Pending,52,Premium,user277@example.com,user277,2025-06-26 07:41:14
T00278,1066,2025-12-13,West,Hyderabad,S108,Furniture,7853.89,1073.32,3,Completed,30,Basic,user278@example.com,user278,2025-12-13 19:51:19
T00279,1055,2025-12-31,South,Pune,S108,Clothing,7748.61,4836.77,4,,35,Standard,user279@example.com,user279,2025-12-31 16:52:39
T00280,1085,2025-07-23,North,Delhi,S105,Sports,187.44,2943.21,2,,20,Basic,user280@example.com,user280,2025-07-23 08:40:20
T00281,1084,2025-05-22,North,Mumbai,S103,Books,8562.02,1342.68,4,Completed,54,Basic,user281@example.com,user281,2025-05-22 21:20:43
T00282,1038,2025-03-13,North,Kolkata,S107,Grocery,7899.27,3620.35,1,Pending,37,Standard,user282@example.com,user282,2025-03-13 22:14:43
T00283,1086,2025-10-01,North,Delhi,S103,Sports,5761.25,3209.65,9,Pending,34,Premium,user283@example.com,user283,2025-10-01 15:08:47
T00284,1024,2025-05-13,North,Bengaluru,S104,Clothing,6752.48,3639.67,4,Cancelled,42,Basic,user284@example.com,user284,2025-05-13 11:16:37
T00285,1007,2025-05-31,West,Ahmedabad,S104,Books,1501.6,,2,,49,Basic,user285@example.com,user285,2025-05-31 13:03:55
T00286,1053,2025-03-19,South,Chennai,S106,Sports,2483.53,729.96,3,Completed,47,Basic,user286@example.com,user286,2025-03-19 20:11:20
T00287,1027,2025-11-21,East,Chennai,S108,Electronics,5479.43,337.17,3,,56,Basic,user287@example.com,user287,2025-11-21 12:27:30
T00288,1094,2025-07-16,North,Hyderabad,S106,Books,6452.01,73.11,4,Completed,59,Premium,user288@example.com,user288,2025-07-16 20:46:15
T00289,1017,2025-04-26,West,Kolkata,S109,Books,4197.76,3482.95,5,Pending,20,Premium,,user289,2025-04-26 09:18:29
T00290,1088,2025-09-24,East,Pune,S108,Clothing,4120.24,3002.03,4,Pending,41,Premium,user290@example.com,,2025-09-24 07:14:46
T00291,1065,2025-03-09,East,Bengaluru,S106,Sports,360.77,1095.39,1,,56,Basic,user291@example.com,user291,2025-03-09 17:39:03
T00292,1084,2025-11-01,West,Hyderabad,S102,Grocery,7977.44,4973.67,8,,23,Standard,user292@example.com,user292,2025-11-01 08:30:44
T00293,1002,2025-03-20,North,Kolkata,S102,Sports,8260.31,1067.2,9,Cancelled,55,Standard,user293@example.com,user293,2025-03-20 22:08:26
T00294,1037,2025-02-23,West,Bengaluru,S108,Furniture,7450.61,2582.34,10,Pending,65,Basic,user294@example.com,user294,2025-02-23 16:12:22
T00295,1071,2025-12-27,South,Mumbai,S108,Clothing,2008.45,2078.29,4,Completed,16,Standard,user295@example.com,user295,2025-12-27 02:58:07
T00296,1012,2025-10-21,West,Bengaluru,S105,Sports,1874.82,3361.66,4,,34,Basic,user296@example.com,user296,2025-10-21 14:03:06
T00297,1047,2025-03-31,North,Kolkata,S102,Electronics,10241.76,4377.0,1,Completed,24,Standard,user297@example.com,user297,2025-03-31 20:10:21
T00298,1035,2025-07-03,West,Pune,S106,Furniture,11465.56,4477.91,2,,41,Basic,user298@example.com,user298,2025-07-03 08:53:24
T00299,1084,2025-12-20,East,Bengaluru,S103,Sports,,4260.82,1,Pending,22,Basic,user299@example.com,user299,2025-12-20 18:30:51
T00300,1049,2025-10-19,North,Hyderabad,S103,Grocery,2257.0,3408.05,8,Completed,42,Basic,user300@example.com,user300,2025-10-19 01:04:16
T00301,1087,2025-12-02,East,Pune,S109,Books,8484.36,1605.48,10,Completed,43,Standard,user301@example.com,user301,2025-12-02 23:15:30
T00302,1020,2025-06-27,West,Hyderabad,S103,Books,7732.71,3335.37,8,,26,Premium,user302@example.com,user302,2025-06-27 15:20:15
T00303,1029,2025-06-19,South,Kolkata,S104,Electronics,699.17,4852.22,8,,52,Basic,user303@example.com,user303,2025-06-19 02:54:31
T00304,1096,2025-08-17,West,Bengaluru,S107,Grocery,11769.98,,1,Completed,21,Standard,user304@example.com,user304,2025-08-17 19:40:19
T00305,1059,2025-09-18,North,Pune,S101,Furniture,7889.69,2833.55,8,Cancelled,51,Standard,user305@example.com,user305,2025-09-18 19:30:45
T00306,1013,2025-12-03,East,Hyderabad,S106,Clothing,5485.14,1848.31,5,Cancelled,60,Premium,,user306,2025-12-03 01:57:10
T00307,1093,2025-09-10,South,Bengaluru,S105,Books,8630.59,745.22,4,Pending,23,Basic,user307@example.com,user307,2025-09-10 06:29:52
T00308,1054,2025-04-08,West,Bengaluru,S108,Grocery,1382.41,3598.1,10,Pending,47,Premium,user308@example.com,user308,2025-04-08 16:47:03
T00309,1062,2025-10-11,East,Chennai,S103,Electronics,10081.91,4679.78,7,Cancelled,48,Basic,user309@example.com,user309,2025-10-11 13:38:58
T00310,1044,2025-12-21,North,Ahmedabad,S103,Furniture,3355.79,3823.75,7,Cancelled,60,Standard,user310@example.com,user310,2025-12-21 10:45:47
T00311,1080,2025-10-11,North,Pune,S103,Sports,2490.58,3181.29,3,Cancelled,61,Premium,user311@example.com,user311,2025-10-11 11:35:30
T00312,1054,2025-10-26,North,Kolkata,S101,Books,8039.17,2874.66,2,Completed,40,Premium,user312@example.com,user312,2025-10-26 01:42:03
T00313,1037,2025-04-13,North,Chennai,S101,Sports,9447.83,1371.54,5,Pending,64,Standard,user313@example.com,user313,2025-04-13 01:22:52
T00314,1095,2025-08-20,East,Kolkata,S104,Books,10429.62,557.28,5,Completed,40,Basic,user314@example.com,user314,2025-08-20 13:50:43
T00315,1096,2025-06-10,North,Mumbai,S110,Grocery,740.25,4830.87,4,Cancelled,64,Standard,user315@example.com,user315,2025-06-10 17:47:38
T00316,1038,2025-04-11,South,Chennai,S102,Furniture,11575.05,3891.93,3,Completed,40,Premium,user316@example.com,user316,2025-04-11 13:17:35
T00317,1033,2025-05-16,West,Pune,S108,Sports,7049.43,693.83,3,Completed,25,Basic,user317@example.com,user317,2025-05-16 19:03:49
T00318,1063,2025-11-17,North,Bengaluru,S106,Books,7976.49,3097.26,4,Pending,49,Premium,user318@example.com,user318,2025-11-17 16:10:26
T00319,1029,2025-10-06,East,Pune,S106,Clothing,1194.15,2708.33,5,Pending,64,Standard,user319@example.com,,2025-10-06 16:30:35
T00320,1058,2025-11-29,East,Mumbai,S101,Sports,8060.37,93.58,6,,23,Basic,user320@example.com,user320,2025-11-29 08:34:46
T00321,1099,2025-05-25,North,Ahmedabad,S108,Electronics,6250.73,172.29,5,Pending,36,Standard,user321@example.com,user321,2025-05-25 02:06:10
T00322,1027,2025-10-03,East,Kolkata,S102,Furniture,,2689.37,9,,57,Premium,user322@example.com,user322,2025-10-03 23:43:09
T00323,1012,2025-01-13,West,Hyderabad,S103,Clothing,4047.41,,9,Completed,52,Premium,,user323,2025-01-13 08:26:24
T00324,1003,2025-08-19,South,Bengaluru,S109,Electronics,5253.0,3169.58,10,Completed,64,Standard,user324@example.com,user324,2025-08-19 18:02:44
T00325,1038,2025-02-07,North,Bengaluru,S105,Grocery,6083.76,1820.62,7,,58,Premium,user325@example.com,user325,2025-02-07 15:10:34
T00326,1070,2025-04-23,North,Chennai,S105,Sports,4752.81,725.09,6,Completed,51,Standard,user326@example.com,user326,2025-04-23 04:07:02
T00327,1071,2025-01-03,West,Delhi,S104,Sports,4789.57,2884.96,6,Pending,42,Standard,user327@example.com,user327,2025-01-03 16:09:10
T00328,1025,2025-04-05,West,Chennai,S110,Electronics,10033.51,1142.9,9,,57,Standard,user328@example.com,user328,2025-04-05 02:18:42
T00329,1075,2025-02-04,South,Pune,S106,Furniture,2449.27,1290.9,4,Completed,34,Standard,user329@example.com,user329,2025-02-04 02:57:12
T00330,1085,2025-06-12,North,Chennai,S110,Books,4007.32,2455.01,6,Cancelled,43,Premium,user330@example.com,user330,2025-06-12 00:20:15
T00331,1036,2025-04-24,North,Chennai,S106,Grocery,7725.98,3575.39,8,,38,Basic,user331@example.com,user331,2025-04-24 15:35:06
T00332,1036,2025-03-31,East,Mumbai,S105,Sports,1075.49,3245.48,2,Completed,17,Standard,user332@example.com,user332,2025-03-31 20:01:52
T00333,1028,2025-10-25,West,Delhi,S109,Books,9253.48,2915.56,8,Pending,39,Basic,user333@example.com,user333,2025-10-25 07:57:49
T00334,1060,2025-10-29,West,Kolkata,S106,Books,3562.89,3679.47,1,Pending,55,Standard,user334@example.com,user334,2025-10-29 05:48:32
T00335,1073,2025-03-13,East,Ahmedabad,S106,Electronics,2231.83,2258.79,4,,30,Premium,user335@example.com,user335,2025-03-13 08:23:14
T00336,1047,2025-01-22,South,Ahmedabad,S108,Electronics,6262.83,3359.5,1,Cancelled,22,Standard,user336@example.com,user336,2025-01-22 16:40:53
T00337,1070,2025-05-21,East,Kolkata,S107,Clothing,3233.46,4182.62,10,Completed,49,Basic,user337@example.com,user337,2025-05-21 12:58:14
T00338,1045,2025-09-22,South,Ahmedabad,S110,Electronics,9825.12,2058.92,9,Pending,44,Premium,user338@example.com,user338,2025-09-22 07:04:32
T00339,1021,2025-11-26,North,Bengaluru,S104,Grocery,1887.86,1440.01,6,Completed,46,Standard,user339@example.com,user339,2025-11-26 15:30:13
T00340,1003,2025-10-30,East,Hyderabad,S103,Books,10017.04,848.17,10,Pending,24,Standard,,user340,2025-10-30 16:02:57
T00341,1024,2025-10-21,South,Hyderabad,S105,Electronics,2079.46,776.98,4,,54,Basic,user341@example.com,user341,2025-10-21 15:10:14
T00342,1099,2025-07-30,East,Delhi,S103,Sports,9555.93,,6,,54,Standard,user342@example.com,user342,2025-07-30 02:14:24
T00343,1067,2025-07-17,South,Chennai,S110,Electronics,297.1,704.46,3,,55,Standard,user343@example.com,user343,2025-07-17 01:56:50
T00344,1062,2025-09-30,East,Hyderabad,S107,Books,1498.45,2541.48,7,Cancelled,18,Standard,user344@example.com,user344,2025-09-30 16:27:14
T00345,1076,2025-09-04,West,Kolkata,S103,Clothing,,3958.3,8,Pending,21,Basic,user345@example.com,user345,2025-09-04 19:56:34
T00346,1096,2025-07-29,West,Bengaluru,S109,Electronics,165.09,1326.13,7,Pending,60,Basic,user346@example.com,user346,2025-07-29 13:23:06
T00347,1034,2025-03-21,South,Pune,S110,Clothing,7065.91,2159.05,7,Pending,42,Standard,user347@example.com,user347,2025-03-21 17:30:11
T00348,1040,2025-07-09,North,Kolkata,S103,Sports,5856.75,2817.51,2,Pending,44,Standard,user348@example.com,,2025-07-09 05:06:13
T00349,1071,2025-09-18,West,Chennai,S107,Sports,4127.41,2032.78,1,Completed,25,Basic,user349@example.com,user349,2025-09-18 19:27:05
T00350,1078,2025-02-02,West,Kolkata,S107,Books,4512.94,1352.31,9,Cancelled,61,Standard,user350@example.com,user350,2025-02-02 01:49:52
T00351,1026,2025-03-31,North,Mumbai,S101,Books,5323.77,3219.44,9,Pending,55,Premium,user351@example.com,user351,2025-03-31 21:02:23
T00352,1012,2025-05-03,North,Kolkata,S106,Sports,11710.19,3292.34,7,,53,Premium,user352@example.com,user352,2025-05-03 16:00:47
T00353,1037,2025-12-27,North,Pune,S105,Furniture,1172.97,389.66,10,Pending,45,Basic,user353@example.com,user353,2025-12-27 18:00:16
T00354,1010,2025-03-31,North,Pune,S102,Books,1366.93,2065.32,5,Cancelled,60,Basic,user354@example.com,user354,2025-03-31 12:36:30
T00355,1059,2025-05-05,South,Hyderabad,S108,Electronics,11538.74,3799.49,5,Completed,40,Standard,user355@example.com,user355,2025-05-05 07:43:44
T00356,1046,2025-04-28,West,Delhi,S104,Clothing,5007.87,4010.8,2,,59,Standard,user356@example.com,user356,2025-04-28 10:04:35
T00357,1074,2025-04-02,North,Chennai,S104,Grocery,4307.1,2408.95,4,Pending,63,Premium,,user357,2025-04-02 08:13:14
T00358,1046,2025-04-14,East,Bengaluru,S102,Electronics,10052.38,4182.96,8,Completed,64,Standard,user358@example.com,user358,2025-04-14 01:54:30
T00359,1074,2025-07-10,North,Ahmedabad,S103,Books,5958.85,3122.3,5,,30,Standard,user359@example.com,user359,2025-07-10 04:03:33
T00360,1065,2025-08-05,North,Kolkata,S103,Grocery,6535.14,2417.68,2,,36,Standard,user360@example.com,user360,2025-08-05 00:00:43
T00361,1047,2025-04-18,North,Chennai,S109,Clothing,1298.9,,4,Cancelled,46,Standard,user361@example.com,user361,2025-04-18 10:23:11
T00362,1097,2025-09-13,North,Pune,S107,Clothing,5087.21,2148.52,8,Pending,52,Premium,user362@example.com,user362,2025-09-13 18:43:14
T00363,1072,2025-02-21,South,Kolkata,S104,Furniture,9668.64,3618.04,3,,16,Premium,user363@example.com,user363,2025-02-21 13:31:08
T00364,1063,2025-11-19,North,Delhi,S109,Books,8674.67,2609.18,1,,22,Standard,user364@example.com,user364,2025-11-19 05:03:13
T00365,1058,2025-05-11,North,Delhi,S106,Clothing,7595.36,2408.87,9,Cancelled,38,Premium,user365@example.com,user365,2025-05-11 13:07:22
T00366,1074,2025-12-14,East,Delhi,S106,Clothing,2467.6,4817.43,9,,65,Standard,user366@example.com,user366,2025-12-14 14:56:05
T00367,1019,2025-07-15,East,Pune,S107,Sports,5618.65,3087.64,10,,20,Premium,user367@example.com,user367,2025-07-15 05:21:14
T00368,1035,2025-06-10,South,Delhi,S108,Clothing,,1618.55,10,,42,Premium,user368@example.com,user368,2025-06-10 05:54:01
T00369,1096,2025-03-06,West,Mumbai,S103,Grocery,7978.07,3652.47,2,Completed,20,Basic,user369@example.com,user369,2025-03-06 17:03:01
T00370,1014,2025-07-23,North,Chennai,S102,Sports,11952.56,2643.71,7,Cancelled,30,Premium,user370@example.com,user370,2025-07-23 23:18:28
T00371,1022,2025-11-17,West,Hyderabad,S106,Clothing,6368.23,675.74,8,,50,Basic,user371@example.com,user371,2025-11-17 17:28:08
T00372,1059,2025-12-24,South,Delhi,S106,Grocery,7130.89,2719.47,9,Pending,21,Basic,user372@example.com,user372,2025-12-24 09:23:26
T00373,1067,2025-05-14,East,Pune,S105,Grocery,225.61,820.8,9,Completed,60,Basic,user373@example.com,user373,2025-05-14 15:19:00
T00374,1001,2025-08-09,North,Mumbai,S107,Books,7204.34,3999.93,7,,31,Premium,,user374,2025-08-09 22:47:41
T00375,1011,2025-07-19,South,Mumbai,S109,Books,2725.05,4150.71,5,Cancelled,57,Standard,user375@example.com,user375,2025-07-19 17:51:17
T00376,1018,2025-07-31,North,Bengaluru,S108,Books,914.72,980.6,8,Cancelled,60,Standard,user376@example.com,user376,2025-07-31 15:12:20
T00377,1003,2025-01-10,East,Bengaluru,S105,Clothing,11639.62,803.14,3,,62,Premium,user377@example.com,,2025-01-10 07:05:09
T00378,1040,2025-01-08,South,Pune,S108,Sports,4168.76,2493.22,1,Cancelled,21,Premium,user378@example.com,user378,2025-01-08 01:17:49
T00379,1025,2025-07-20,North,Kolkata,S101,Electronics,5694.75,403.35,4,,65,Basic,user379@example.com,user379,2025-07-20 07:47:02
T00380,1067,2025-04-12,East,Ahmedabad,S107,Sports,9274.85,,5,Cancelled,26,Standard,user380@example.com,user380,2025-04-12 23:02:47
T00381,1082,2025-10-09,North,Mumbai,S106,Electronics,3114.42,2628.58,4,Completed,31,Standard,user381@example.com,user381,2025-10-09 13:20:00
T00382,1051,2025-03-27,East,Hyderabad,S101,Books,7057.89,3982.23,8,Pending,39,Premium,user382@example.com,user382,2025-03-27 07:10:31
T00383,1098,2025-02-16,West,Hyderabad,S106,Sports,4127.22,3445.43,3,Completed,24,Basic,user383@example.com,user383,2025-02-16 07:20:35
T00384,1057,2025-11-27,East,Hyderabad,S107,Clothing,9685.75,3795.65,3,Cancelled,18,Basic,user384@example.com,user384,2025-11-27 22:28:35
T00385,1073,2025-05-31,East,Pune,S106,Sports,5932.09,2736.53,8,Cancelled,54,Standard,user385@example.com,user385,2025-05-31 05:04:33
T00386,1070,2025-03-21,North,Ahmedabad,S101,Sports,9851.08,2274.45,9,,62,Premium,user386@example.com,user386,2025-03-21 00:39:54
T00387,1093,2025-07-06,West,Kolkata,S104,Books,2941.56,3891.28,8,Pending,55,Basic,user387@example.com,user387,2025-07-06 10:26:41
T00388,1009,2025-06-14,West,Chennai,S103,Electronics,6326.09,596.8,4,Completed,47,Premium,user388@example.com,user388,2025-06-14 03:02:36
T00389,1068,2025-11-25,North,Hyderabad,S106,Furniture,7929.26,4189.68,10,Completed,16,Premium,user389@example.com,user389,2025-11-25 20:31:59
T00390,1047,2025-02-10,South,Pune,S101,Books,7703.11,2366.89,5,Completed,62,Premium,user390@example.com,user390,2025-02-10 09:04:13
T00391,1069,2025-09-23,South,Mumbai,S104,Books,,530.74,4,Pending,51,Standard,,user391,2025-09-23 17:26:47
T00392,1087,2025-02-24,South,Kolkata,S102,Furniture,6961.11,3843.1,3,,48,Basic,user392@example.com,user392,2025-02-24 21:10:34
T00393,1041,2025-11-04,North,Pune,S107,Sports,4292.66,2242.91,7,Cancelled,54,Premium,user393@example.com,user393,2025-11-04 18:34:13
T00394,1033,2025-07-12,North,Ahmedabad,S108,Grocery,11121.15,3840.26,1,Completed,34,Standard,user394@example.com,user394,2025-07-12 00:33:08
T00395,1028,2025-06-04,North,Hyderabad,S105,Books,11814.29,82.52,9,Pending,22,Premium,user395@example.com,user395,2025-06-04 14:22:09
T00396,1032,2025-03-12,East,Delhi,S105,Electronics,10686.54,1361.69,10,,52,Premium,user396@example.com,user396,2025-03-12 23:04:46
T00397,1089,2025-06-16,West,Delhi,S101,Sports,2157.54,3974.88,10,,21,Premium,user397@example.com,user397,2025-06-16 10:22:56
T00398,1099,2025-08-11,East,Hyderabad,S107,Electronics,10427.19,2111.78,5,Completed,36,Standard,user398@example.com,user398,2025-08-11 18:09:20
T00399,1087,2025-09-15,South,Ahmedabad,S110,Books,1923.05,,9,Completed,30,Basic,user399@example.com,user399,2025-09-15 09:50:25
T00400,1074,2025-03-17,West,Kolkata,S105,Electronics,1082.29,704.34,7,,65,Standard,user400@example.com,user400,2025-03-17 04:48:08
T00401,1084,2025-09-04,East,Mumbai,S104,Electronics,5905.55,2818.52,5,,36,Standard,user401@example.com,user401,2025-09-04 18:05:07
T00402,1025,2025-12-10,North,Pune,S110,Sports,4446.68,2097.23,1,Cancelled,26,Basic,user402@example.com,user402,2025-12-10 19:52:51
T00403,1030,2025-08-15,East,Pune,S103,Sports,5341.51,3134.75,2,Completed,63,Premium,user403@example.com,user403,2025-08-15 07:39:59
T00404,1002,2025-03-17,North,Bengaluru,S105,Grocery,9859.59,4350.32,8,Completed,37,Premium,user404@example.com,user404,2025-03-17 23:34:13
T00405,1071,2025-04-15,South,Chennai,S101,Grocery,9029.23,2754.8,10,Completed,32,Premium,user405@example.com,user405,2025-04-15 01:18:12
T00406,1084,2025-12-23,West,Bengaluru,S107,Sports,731.71,3108.93,5,Cancelled,22,Premium,user406@example.com,,2025-12-23 09:55:56
T00407,1066,2025-11-29,West,Pune,S108,Books,11759.53,1963.29,9,Completed,27,Premium,user407@example.com,user407,2025-11-29 16:29:35
T00408,1068,2025-12-31,North,Pune,S108,Grocery,3043.97,156.37,3,Completed,38,Standard,,user408,2025-12-31 11:22:40
T00409,1065,2025-06-04,North,Hyderabad,S105,Grocery,11741.11,1219.21,1,Cancelled,30,Premium,user409@example.com,user409,2025-06-04 10:57:25
T00410,1067,2025-12-03,East,Kolkata,S104,Books,8785.69,729.44,3,,35,Standard,user410@example.com,user410,2025-12-03 10:28:34
T00411,1070,2025-03-09,East,Chennai,S105,Sports,1749.06,1073.45,9,Pending,43,Premium,user411@example.com,user411,2025-03-09 20:59:36
T00412,1093,2025-03-22,West,Chennai,S106,Furniture,6732.35,1621.61,1,Cancelled,42,Basic,user412@example.com,user412,2025-03-22 09:28:47
T00413,1100,2025-11-23,East,Bengaluru,S103,Furniture,3358.17,4669.59,1,Cancelled,54,Standard,user413@example.com,user413,2025-11-23 19:14:38
T00414,1011,2025-04-29,South,Chennai,S109,Books,,1193.02,8,Cancelled,27,Basic,user414@example.com,user414,2025-04-29 15:30:08
T00415,1098,2025-03-25,West,Delhi,S107,Furniture,483.53,1006.64,4,Pending,20,Premium,user415@example.com,user415,2025-03-25 14:55:39
T00416,1032,2025-09-08,South,Kolkata,S101,Books,10414.62,3454.92,7,Cancelled,41,Standard,user416@example.com,user416,2025-09-08 23:36:38
T00417,1005,2025-10-02,West,Ahmedabad,S108,Electronics,10521.82,2649.89,4,,63,Premium,user417@example.com,user417,2025-10-02 17:24:33
T00418,1057,2025-11-19,South,Delhi,S105,Grocery,2359.22,,3,,34,Standard,user418@example.com,user418,2025-11-19 01:44:33
T00419,1012,2025-03-14,West,Chennai,S110,Sports,7788.61,2344.72,9,Pending,41,Basic,user419@example.com,user419,2025-03-14 10:28:01
T00420,1026,2025-04-02,South,Bengaluru,S105,Clothing,10769.75,2295.72,3,Completed,21,Premium,user420@example.com,user420,2025-04-02 22:28:40
T00421,1094,2025-07-05,East,Kolkata,S109,Grocery,8516.62,472.27,1,Pending,37,Standard,user421@example.com,user421,2025-07-05 21:55:09
T00422,1092,2025-03-25,West,Kolkata,S105,Clothing,2228.51,4350.65,8,Cancelled,56,Premium,user422@example.com,user422,2025-03-25 03:57:08
T00423,1002,2025-04-14,South,Ahmedabad,S108,Books,9208.21,67.49,1,,31,Premium,user423@example.com,user423,2025-04-14 18:42:30
T00424,1077,2025-08-21,West,Mumbai,S109,Clothing,1044.92,2080.25,10,Pending,19,Premium,user424@example.com,user424,2025-08-21 04:03:41
T00425,1086,2025-06-28,North,Pune,S102,Electronics,10260.57,231.77,2,,27,Premium,,user425,2025-06-28 21:18:39
T00426,1072,2025-12-05,East,Ahmedabad,S110,Clothing,7180.13,3472.99,1,Completed,65,Basic,user426@example.com,user426,2025-12-05 10:23:57
T00427,1071,2025-07-14,West,Delhi,S108,Furniture,9125.46,4110.31,2,Cancelled,37,Standard,user427@example.com,user427,2025-07-14 13:33:13
T00428,1074,2025-12-23,West,Ahmedabad,S110,Sports,792.4,1084.8,5,,54,Basic,user428@example.com,user428,2025-12-23 08:33:36
T00429,1073,2025-11-16,South,Ahmedabad,S108,Furniture,1643.59,1801.57,10,Pending,61,Basic,user429@example.com,user429,2025-11-16 06:00:07
T00430,1095,2025-01-13,East,Kolkata,S107,Electronics,9581.12,2351.18,6,Cancelled,51,Standard,user430@example.com,user430,2025-01-13 06:00:40
T00431,1009,2025-04-14,North,Delhi,S109,Books,3127.57,3465.58,6,Completed,23,Standard,user431@example.com,user431,2025-04-14 10:21:25
T00432,1023,2025-10-19,East,Pune,S106,Sports,446.5,3099.17,8,,18,Standard,user432@example.com,user432,2025-10-19 04:30:09
T00433,1043,2025-11-18,South,Kolkata,S101,Books,10396.17,2330.06,5,Cancelled,51,Standard,user433@example.com,user433,2025-11-18 00:13:36
T00434,1046,2025-12-17,West,Chennai,S105,Electronics,11002.62,1692.01,6,,56,Standard,user434@example.com,user434,2025-12-17 05:36:38
T00435,1097,2025-07-19,North,Pune,S101,Clothing,1490.45,977.53,7,Completed,47,Premium,user435@example.com,,2025-07-19 11:28:53
T00436,1015,2025-06-04,North,Hyderabad,S104,Electronics,3697.59,1119.89,8,Completed,46,Standard,user436@example.com,user436,2025-06-04 04:12:21
T00437,1100,2025-09-05,North,Chennai,S102,Books,,,3,Pending,62,Premium,user437@example.com,user437,2025-09-05 14:24:45
T00438,1006,2025-09-25,West,Pune,S108,Electronics,3800.68,623.39,2,Cancelled,17,Standard,user438@example.com,user438,2025-09-25 09:40:57
T00439,1036,2025-04-18,North,Ahmedabad,S102,Clothing,2391.29,1638.36,3,Pending,33,Premium,user439@example.com,user439,2025-04-18 00:39:35
T00440,1071,2025-09-21,North,Delhi,S103,Sports,6556.09,556.76,5,Pending,26,Premium,user440@example.com,user440,2025-09-21 09:39:57
T00441,1004,2025-06-23,South,Hyderabad,S102,Grocery,703.64,2725.86,1,Completed,43,Basic,user441@example.com,user441,2025-06-23 05:45:38
T00442,1058,2025-10-31,North,Delhi,S106,Furniture,8312.49,3165.88,9,Completed,64,Basic,,user442,2025-10-31 18:08:05
T00443,1088,2025-12-24,South,Ahmedabad,S104,Furniture,5521.45,2367.97,3,Cancelled,39,Basic,user443@example.com,user443,2025-12-24 05:44:58
T00444,1042,2025-12-07,South,Ahmedabad,S101,Electronics,10343.42,1685.12,8,Completed,38,Basic,user444@example.com,user444,2025-12-07 14:54:10
T00445,1017,2025-05-25,West,Kolkata,S102,Clothing,7292.84,3851.31,9,Completed,35,Standard,user445@example.com,user445,2025-05-25 14:25:37
T00446,1021,2025-07-31,South,Kolkata,S102,Clothing,2999.92,1230.95,4,,43,Standard,user446@example.com,user446,2025-07-31 10:34:44
T00447,1095,2025-05-01,South,Bengaluru,S110,Books,8068.3,906.77,8,Cancelled,51,Premium,user447@example.com,user447,2025-05-01 14:11:19
T00448,1077,2025-07-27,South,Pune,S108,Sports,1394.06,394.56,1,Completed,29,Premium,user448@example.com,user448,2025-07-27 18:57:48
T00449,1085,2025-11-22,East,Ahmedabad,S109,Clothing,9109.22,4058.7,7,,28,Premium,user449@example.com,user449,2025-11-22 21:56:20
T00450,1039,2025-06-03,South,Pune,S102,Books,10967.13,2872.87,1,,24,Basic,user450@example.com,user450,2025-06-03 01:23:57
T00451,1072,2025-10-09,North,Bengaluru,S105,Electronics,110.04,4841.1,4,,60,Standard,user451@example.com,user451,2025-10-09 12:40:20
T00452,1070,2025-12-31,East,Chennai,S108,Furniture,4640.62,1944.81,4,,39,Basic,user452@example.com,user452,2025-12-31 04:18:55
T00453,1083,2025-12-10,West,Chennai,S108,Sports,238.07,671.47,7,Pending,21,Premium,user453@example.com,user453,2025-12-10 20:51:26
T00454,1055,2025-08-22,East,Ahmedabad,S109,Grocery,8375.15,4473.23,9,,40,Basic,user454@example.com,user454,2025-08-22 07:11:27
T00455,1094,2025-11-06,East,Delhi,S107,Books,6028.07,86.78,10,Cancelled,18,Premium,user455@example.com,user455,2025-11-06 18:30:45
T00456,1089,2025-07-08,West,Chennai,S109,Clothing,5830.24,,8,Completed,49,Standard,user456@example.com,user456,2025-07-08 02:15:30
T00457,1010,2025-11-19,North,Hyderabad,S106,Books,11528.89,3721.35,1,,45,Standard,user457@example.com,user457,2025-11-19 15:36:46
T00458,1038,2025-06-19,North,Chennai,S101,Sports,11530.92,2134.03,10,Cancelled,62,Standard,user458@example.com,user458,2025-06-19 08:03:40
T00459,1085,2025-08-31,North,Hyderabad,S105,Grocery,6917.03,2911.8,2,Pending,48,Premium,,user459,2025-08-31 08:16:08
T00460,1002,2025-11-12,West,Chennai,S110,Sports,,1440.81,3,,39,Premium,user460@example.com,user460,2025-11-12 08:50:44
T00461,1005,2025-05-01,North,Bengaluru,S103,Books,9612.53,2450.35,3,,64,Basic,user461@example.com,user461,2025-05-01 12:15:42
T00462,1074,2025-08-14,North,Hyderabad,S105,Electronics,2090.67,3643.7,1,Pending,45,Basic,user462@example.com,user462,2025-08-14 15:19:30
T00463,1050,2025-09-30,South,Delhi,S103,Books,8233.77,1206.62,7,Completed,34,Basic,user463@example.com,user463,2025-09-30 12:43:20
T00464,1069,2025-09-29,North,Kolkata,S110,Sports,588.11,3430.24,5,Cancelled,33,Basic,user464@example.com,,2025-09-29 03:16:41
T00465,1096,2025-10-27,East,Mumbai,S109,Clothing,9300.5,1986.21,3,Cancelled,51,Premium,user465@example.com,user465,2025-10-27 21:00:53
T00466,1014,2025-02-04,South,Pune,S104,Sports,1262.62,109.21,5,Cancelled,28,Premium,user466@example.com,user466,2025-02-04 00:39:05
T00467,1028,2025-01-30,West,Bengaluru,S102,Books,7913.61,4695.6,3,,58,Standard,user467@example.com,user467,2025-01-30 18:51:11
T00468,1060,2025-02-26,West,Ahmedabad,S105,Grocery,3114.7,3493.49,6,Cancelled,26,Premium,user468@example.com,user468,2025-02-26 08:49:03
T00469,1034,2025-07-15,North,Chennai,S108,Electronics,11951.91,1973.52,8,Pending,55,Basic,user469@example.com,user469,2025-07-15 05:41:31
T00470,1028,2025-02-25,West,Ahmedabad,S105,Electronics,9247.62,762.17,1,Completed,20,Standard,user470@example.com,user470,2025-02-25 23:16:49
T00471,1084,2025-08-17,West,Hyderabad,S107,Clothing,6022.65,142.89,3,Cancelled,41,Standard,user471@example.com,user471,2025-08-17 00:32:45
T00472,1094,2025-09-09,West,Mumbai,S101,Grocery,4906.56,2416.79,8,Completed,52,Standard,user472@example.com,user472,2025-09-09 11:21:43
T00473,1083,2025-06-05,West,Pune,S109,Clothing,7624.04,2033.04,2,,64,Basic,user473@example.com,user473,2025-06-05 20:12:11
T00474,1025,2025-10-11,North,Kolkata,S102,Sports,4671.55,244.69,6,,21,Standard,user474@example.com,user474,2025-10-11 14:47:12
T00475,1076,2025-03-13,East,Ahmedabad,S107,Electronics,401.84,,9,Cancelled,47,Standard,user475@example.com,user475,2025-03-13 14:01:02
T00476,1006,2025-06-23,South,Bengaluru,S104,Sports,9474.56,327.47,9,,59,Standard,,user476,2025-06-23 04:47:37
T00477,1019,2025-04-30,South,Hyderabad,S108,Books,538.84,4627.84,1,Pending,60,Standard,user477@example.com,user477,2025-04-30 04:00:11
T00478,1013,2025-11-20,South,Chennai,S110,Electronics,3757.31,297.29,2,Completed,47,Standard,user478@example.com,user478,2025-11-20 19:14:04
T00479,1095,2025-04-14,South,Pune,S102,Sports,9757.1,2159.75,10,Pending,36,Premium,user479@example.com,user479,2025-04-14 01:37:11
T00480,1097,2025-06-21,South,Chennai,S106,Books,3359.33,362.95,3,,31,Standard,user480@example.com,user480,2025-06-21 01:08:06
T00481,1003,2025-11-20,South,Bengaluru,S101,Electronics,9354.17,3081.59,3,Completed,61,Standard,user481@example.com,user481,2025-11-20 18:56:18
T00482,1061,2025-08-02,East,Mumbai,S103,Sports,9527.66,3482.84,5,,42,Premium,user482@example.com,user482,2025-08-02 05:39:44
T00483,1079,2025-01-20,West,Delhi,S106,Grocery,,3001.55,1,Pending,28,Premium,user483@example.com,user483,2025-01-20 16:06:39
T00484,1065,2025-07-05,East,Ahmedabad,S104,Clothing,11842.71,4320.52,1,Pending,23,Premium,user484@example.com,user484,2025-07-05 21:54:58
T00485,1006,2025-08-31,West,Pune,S105,Furniture,2001.14,2512.7,7,Cancelled,37,Standard,user485@example.com,user485,2025-08-31 14:02:06
T00486,1004,2025-01-27,South,Bengaluru,S102,Furniture,2193.06,4628.06,8,Cancelled,42,Premium,user486@example.com,user486,2025-01-27 23:43:57
T00487,1030,2025-06-16,West,Mumbai,S107,Furniture,1410.58,1188.81,7,Pending,20,Basic,user487@example.com,user487,2025-06-16 18:31:03
T00488,1059,2025-08-12,East,Kolkata,S106,Furniture,11141.86,767.46,8,Pending,56,Basic,user488@example.com,user488,2025-08-12 08:12:21
T00489,1036,2025-03-07,East,Bengaluru,S108,Grocery,6867.12,208.87,7,Pending,64,Basic,user489@example.com,user489,2025-03-07 07:56:18
T00490,1079,2025-11-06,East,Mumbai,S102,Grocery,9555.33,826.1,9,,29,Standard,user490@example.com,user490,2025-11-06 15:53:29
T00491,1032,2025-05-23,East,Pune,S107,Books,5194.51,121.79,4,Pending,52,Premium,user491@example.com,user491,2025-05-23 13:02:02
T00492,1055,2025-08-29,South,Ahmedabad,S102,Grocery,6100.17,3680.71,8,Pending,21,Standard,user492@example.com,user492,2025-08-29 00:44:46
T00493,1038,2025-07-28,East,Bengaluru,S101,Grocery,1679.27,4752.17,5,Pending,61,Basic,,,2025-07-28 18:47:37
T00494,1018,2025-01-13,South,Chennai,S106,Sports,5618.75,,8,Completed,56,Premium,user494@example.com,user494,2025-01-13 12:57:44
T00495,1097,2025-06-20,North,Mumbai,S102,Books,3629.42,2678.06,6,Completed,48,Standard,user495@example.com,user495,2025-06-20 11:56:03
T00496,1006,2025-02-26,North,Pune,S103,Sports,5637.7,1945.63,9,Completed,51,Standard,user496@example.com,user496,2025-02-26 06:08:21
T00497,1095,2025-05-03,East,Mumbai,S106,Clothing,7823.56,2721.19,5,,33,Premium,user497@example.com,user497,2025-05-03 02:23:22
T00498,1016,2025-08-20,South,Delhi,S108,Books,6367.52,2456.82,6,Completed,28,Basic,user498@example.com,user498,2025-08-20 02:05:25
T00499,1014,2025-04-02,East,Delhi,S102,Sports,11483.86,1477.44,3,,25,Premium,user499@example.com,user499,2025-04-02 16:40:01
T00500,1017,2025-05-31,South,Pune,S107,Grocery,8220.6,2111.86,1,Cancelled,28,Premium,user500@example.com,user500,2025-05-31 00:55:51
T00011,1081,2025-04-02,North,Mumbai,S103,Clothing,1366.29,2563.02,3,Completed,54,Basic,user11@example.com,user11,2025-04-02 15:01:07
T00026,1088,2025-11-06,North,Ahmedabad,S105,Electronics,4180.28,1092.62,2,,33,Premium,user26@example.com,user26,2025-11-06 00:21:49
T00051,1012,2025-10-31,North,Ahmedabad,S104,Grocery,10235.39,1378.56,10,,37,Premium,,user51,2025-10-31 15:54:20
T00076,1046,2025-01-24,North,Kolkata,S103,Furniture,767.82,,9,,52,Standard,user76@example.com,user76,2025-01-24 05:10:11
T00101,1097,2025-11-07,West,Pune,S107,Electronics,3350.69,2238.12,5,,49,Standard,user101@example.com,user101,2025-11-07 09:02:14
T00151,1054,2025-01-09,North,Hyderabad,S110,Grocery,8118.3,1873.37,5,Pending,62,Premium,user151@example.com,user151,2025-01-09 18:30:10
T00201,1092,2025-06-05,South,Kolkata,S102,Grocery,7938.09,1248.0,10,,53,Basic,user201@example.com,user201,2025-06-05 17:32:59
T00251,1004,2025-09-15,North,Mumbai,S101,Clothing,3318.18,1641.94,1,,49,Basic,user251@example.com,user251,2025-09-15 18:14:10
T00301,1087,2025-12-02,East,Pune,S109,Books,8484.36,1605.48,10,Completed,43,Standard,user301@example.com,user301,2025-12-02 23:15:30
T00351,1026,2025-03-31,North,Mumbai,S101,Books,5323.77,3219.44,9,Pending,55,Premium,user351@example.com,user351,2025-03-31 21:02:23