order_id,user_id,product_id,category,region,city,priority,status,quantity,base_price,price,amount,order_date,old_name,email
10001,1052.0,P792,Books,North,Delhi,Low,Completed,5,1299.97,1299.97,6499.85,2025-10-30,User_1,user1@example.com
10002,1308.0,P127,Sports,West,Mumbai,High,Cancelled,1,559.11,559.11,559.11,2025-11-29,User_2,user2@example.com
10003,1003.0,P877,Furniture,West,Mumbai,Low,Pending,8,2987.4,2987.4,23899.2,2025-06-24,User_3,user3@example.com
10004,1047.0,P489,Electronics,East,Kolkata,Medium,Pending,4,4790.34,4790.34,19161.36,2025-11-06,User_4,user4@example.com
10005,1193.0,P180,Sports,East,Kolkata,Medium,Cancelled,8,2727.52,2727.52,21820.16,2025-11-13,User_5,user5@example.com
10006,1116.0,P891,Clothing,East,Patna,High,Completed,4,3552.4,3552.4,14209.6,2025-02-21,User_6,user6@example.com
10007,1189.0,P463,Furniture,West,Pune,Low,Pending,8,3214.85,3214.85,25718.8,2025-12-26,User_7,user7@example.com
10008,1236.0,P488,Clothing,North,Lucknow,Low,Cancelled,3,2717.29,2717.29,8151.87,2025-10-13,User_8,user8@example.com
10009,1117.0,P941,Electronics,South,Chennai,Medium,Pending,6,4229.97,4229.97,25379.82,2025-05-18,User_9,user9@example.com
10010,1335.0,P611,Groceries,North,Delhi,Low,Pending,10,4394.2,4394.2,43942.0,2025-03-15,User_10,user10@example.com
10011,1382.0,P698,Groceries,East,Kolkata,Low,Pending,4,3750.45,3750.45,15001.8,2025-07-05,User_11,user11@example.com
10012,1440.0,P212,Furniture,South,Hyderabad,Low,Completed,9,2518.23,2518.23,22664.07,2025-12-15,User_12,user12@example.com
10013,1239.0,P641,Clothing,West,Ahmedabad,Low,Completed,2,1985.36,1985.36,3970.72,2025-12-15,User_13,user13@example.com
10014,1174.0,P214,Clothing,North,Lucknow,Medium,Completed,9,3779.3,3779.3,34013.7,2025-08-21,User_14,user14@example.com
10015,1259.0,P208,Books,North,Lucknow,Medium,Cancelled,5,4862.25,4862.25,24311.25,2025-09-17,User_15,user15@example.com
10016,1398.0,P643,Electronics,South,Hyderabad,Low,Pending,6,3836.3,3836.3,23017.8,2025-09-08,User_16,user16@example.com
10017,1157.0,P345,Electronics,North,Delhi,High,Cancelled,6,4405.74,4405.74,26434.44,2025-02-10,User_17,user17@example.com
10018,1272.0,P884,Furniture,North,Lucknow,High,Cancelled,8,4098.51,4098.51,32788.08,2025-09-01,User_18,user18@example.com
10019,1108.0,P652,Books,South,Bengaluru,Low,Completed,9,4374.92,4374.92,39374.28,2025-06-09,User_19,user19@example.com
10020,1061.0,P353,Furniture,West,Ahmedabad,High,Pending,6,2246.69,2246.69,13480.14,2025-01-11,User_20,user20@example.com
10021,1030.0,P334,Electronics,South,Chennai,High,Pending,4,135.24,135.24,540.96,2025-02-06,User_21,user21@example.com
10022,1478.0,P684,Sports,South,Bengaluru,Medium,Completed,8,1149.76,1149.76,9198.08,2025-08-31,User_22,user22@example.com
10023,1216.0,P520,Groceries,West,Mumbai,Low,Completed,2,574.96,574.96,1149.92,2025-12-11,User_23,user23@example.com
10024,1055.0,P354,Furniture,North,Delhi,High,Cancelled,7,3668.25,3668.25,25677.75,2025-08-18,User_24,user24@example.com
10025,1472.0,P177,Groceries,South,Bengaluru,Low,Completed,3,1464.87,1464.87,4394.61,2025-01-26,User_25,user25@example.com
10026,1109.0,P985,Groceries,North,Delhi,High,Completed,4,914.92,914.92,3659.68,2025-07-14,User_26,user26@example.com
10027,1146.0,P533,Books,North,Chandigarh,Low,Cancelled,5,4639.94,4639.94,23199.7,2025-12-05,User_27,user27@example.com
10028,1296.0,P853,Sports,West,Mumbai,High,Cancelled,4,1553.87,1553.87,6215.48,2025-06-10,User_28,user28@example.com
10029,1271.0,P261,Electronics,North,Delhi,Low,Completed,10,2436.26,2436.26,24362.6,2025-04-06,User_29,user29@example.com
10030,1061.0,P683,Furniture,North,Lucknow,Low,Cancelled,2,3408.54,3408.54,6817.08,2025-01-21,User_30,user30@example.com
10031,1133.0,P309,Books,North,Chandigarh,Low,Pending,10,2869.61,2869.61,28696.1,2025-05-03,User_31,user31@example.com
10032,1161.0,P869,Electronics,East,Bhubaneswar,High,Pending,3,3391.28,3391.28,10173.84,2025-11-15,User_32,user32@example.com
10033,1477.0,P457,Electronics,North,Delhi,High,Pending,9,1144.46,1144.46,10300.14,2025-05-26,User_33,user33@example.com
10034,1413.0,P769,Sports,South,Bengaluru,High,Cancelled,9,3547.35,3547.35,31926.15,2025-10-11,User_34,user34@example.com
10035,1059.0,P209,Books,East,Patna,Low,Completed,2,4700.76,4700.76,9401.52,2025-05-20,User_35,user35@example.com
10036,1324.0,P973,Clothing,East,Patna,Low,Pending,4,3616.3,3616.3,14465.2,2025-05-09,User_36,user36@example.com
10037,1170.0,P889,Furniture,North,Delhi,Low,Pending,7,4163.81,4163.81,29146.67,2025-03-24,User_37,user37@example.com
10038,1483.0,P807,Furniture,West,Ahmedabad,Low,Completed,7,2848.44,2848.44,19939.08,2025-07-09,User_38,user38@example.com
10039,1477.0,P915,Electronics,South,Bengaluru,Medium,Completed,3,304.96,304.96,914.88,2025-12-16,User_39,user39@example.com
10040,1447.0,P516,Sports,South,Chennai,Low,Completed,2,1833.03,1833.03,3666.06,2025-05-02,User_40,user40@example.com
10041,1170.0,P901,Groceries,South,Hyderabad,Low,Cancelled,7,221.45,221.45,1550.15,2025-05-08,User_41,user41@example.com
10042,1240.0,P327,Furniture,East,Kolkata,Medium,Pending,2,1974.45,1974.45,3948.9,2025-06-06,User_42,user42@example.com
10043,1142.0,P985,Electronics,South,Hyderabad,Medium,Pending,1,3334.16,3334.16,3334.16,2025-11-25,User_43,user43@example.com
10044,,P998,Clothing,West,Ahmedabad,High,Cancelled,9,1722.63,1722.63,15503.67,2025-05-16,User_44,user44@example.com
10045,1160.0,P546,Sports,North,Delhi,Low,Completed,10,2229.36,2229.36,22293.6,2025-07-17,User_45,user45@example.com
10046,,P925,Sports,South,Bengaluru,Low,Cancelled,1,3573.05,3573.05,3573.05,2025-12-10,User_46,user46@example.com
10047,1169.0,P738,Clothing,South,Bengaluru,Low,Completed,7,442.87,442.87,3100.09,2025-06-03,User_47,user47@example.com
10048,1283.0,P230,Furniture,East,Patna,Medium,Cancelled,7,1698.3,1698.3,11888.1,2025-07-14,User_48,user48@example.com
10049,1000.0,P411,Clothing,South,Chennai,High,Pending,10,1574.65,1574.65,15746.5,2025-10-24,User_49,user49@example.com
10050,1242.0,P912,Books,East,Bhubaneswar,High,Cancelled,8,2266.58,2266.58,18132.64,2025-02-13,User_50,user50@example.com
10051,1384.0,P340,Books,East,Patna,Medium,Completed,10,1742.42,1742.42,17424.2,2025-04-12,User_51,user51@example.com
10052,1435.0,P886,Electronics,South,Hyderabad,Medium,Pending,1,1299.73,1299.73,1299.73,2025-11-19,User_52,user52@example.com
10053,1335.0,P804,Electronics,South,Chennai,High,Pending,7,2522.45,2522.45,17657.15,2025-04-23,User_53,user53@example.com
10054,1469.0,P968,Electronics,South,Chennai,Medium,Completed,9,2376.29,2376.29,21386.61,2025-08-26,User_54,user54@example.com
10055,1218.0,P950,Sports,East,Bhubaneswar,Medium,Completed,10,4093.53,4093.53,40935.3,2025-09-01,User_55,user55@example.com
10056,1398.0,P633,Groceries,West,Pune,Low,Completed,4,4215.33,4215.33,16861.32,2025-05-21,User_56,user56@example.com
10057,1457.0,P653,Electronics,West,Mumbai,High,Completed,5,1249.02,1249.02,6245.1,2025-04-29,User_57,user57@example.com
10058,1208.0,P438,Sports,West,Ahmedabad,Medium,Pending,3,3561.45,3561.45,10684.35,2025-02-01,User_58,user58@example.com
10059,1356.0,P120,Sports,South,Bengaluru,Medium,Pending,7,4533.71,4533.71,31735.97,2025-01-04,User_59,user59@example.com
10060,1214.0,P651,Books,East,Bhubaneswar,Low,Cancelled,7,4281.89,4281.89,29973.23,2025-11-05,User_60,user60@example.com
10061,1199.0,P444,Books,South,Bengaluru,Low,Pending,4,1437.38,1437.38,5749.52,2025-03-26,User_61,user61@example.com
10062,1303.0,P677,Books,West,Mumbai,High,Completed,10,2717.21,2717.21,27172.1,2025-11-26,User_62,user62@example.com
10063,1167.0,P316,Groceries,West,Mumbai,Medium,Pending,8,990.47,990.47,7923.76,2025-07-14,User_63,user63@example.com
10064,1383.0,P652,Electronics,East,Bhubaneswar,Medium,Completed,5,4191.06,4191.06,20955.3,2025-11-29,User_64,user64@example.com
10065,1102.0,P959,Electronics,North,Lucknow,Low,Completed,1,3795.74,3795.74,3795.74,2025-05-03,User_65,user65@example.com
10066,1358.0,P362,Clothing,South,Bengaluru,High,Cancelled,2,2863.45,2863.45,5726.9,2025-11-07,User_66,user66@example.com
10067,,P419,Sports,North,Delhi,Low,Pending,5,629.68,629.68,3148.4,2025-07-23,User_67,user67@example.com
10068,1052.0,P813,Clothing,South,Hyderabad,Low,Cancelled,10,3484.01,3484.01,34840.1,2025-03-03,User_68,user68@example.com
10069,1259.0,P763,Clothing,North,Chandigarh,High,Pending,9,2199.05,2199.05,19791.45,2025-09-08,User_69,user69@example.com
10070,1362.0,P256,Groceries,North,Chandigarh,High,Cancelled,6,3214.37,3214.37,19286.22,2025-09-25,User_70,user70@example.com
10071,1422.0,P848,Sports,East,Patna,Medium,Pending,9,3895.74,3895.74,35061.66,2025-05-06,User_71,user71@example.com
10072,1312.0,P784,Groceries,North,Chandigarh,Medium,Completed,8,1294.93,1294.93,10359.44,2025-09-11,User_72,user72@example.com
10073,1174.0,P386,Sports,East,Kolkata,Low,Pending,8,1139.39,1139.39,9115.12,2025-10-12,User_73,user73@example.com
10074,1250.0,P668,Furniture,North,Lucknow,Low,Pending,4,519.5,519.5,2078.0,2025-11-27,User_74,user74@example.com
10075,1354.0,P349,Clothing,West,Pune,Low,Cancelled,1,555.96,555.96,555.96,2025-07-08,User_75,user75@example.com
10076,1281.0,P438,Clothing,West,Ahmedabad,Low,Pending,9,1784.41,1784.41,16059.69,2025-05-19,User_76,user76@example.com
10077,1061.0,P860,Sports,East,Bhubaneswar,Low,Completed,4,691.21,691.21,2764.84,2025-04-09,User_77,user77@example.com
10078,1389.0,P637,Sports,South,Chennai,Medium,Completed,8,1454.85,1454.85,11638.8,2025-04-10,User_78,user78@example.com
10079,,P646,Furniture,East,Kolkata,Medium,Completed,6,979.26,979.26,5875.56,2025-01-28,User_79,user79@example.com
10080,1052.0,P993,Electronics,East,Patna,Low,Pending,3,3225.56,3225.56,9676.68,2025-08-29,User_80,user80@example.com
10081,1481.0,P982,Groceries,West,Pune,High,Completed,6,1003.38,1003.38,6020.28,2025-07-25,User_81,user81@example.com
10082,1076.0,P930,Sports,West,Mumbai,Medium,Completed,10,3184.28,3184.28,31842.8,2025-05-08,User_82,user82@example.com
10083,1115.0,P894,Sports,North,Lucknow,Medium,Pending,7,3070.96,3070.96,21496.72,2025-08-15,User_83,user83@example.com
10084,1312.0,P857,Electronics,East,Patna,High,Cancelled,7,1596.36,1596.36,11174.52,2025-04-19,User_84,user84@example.com
10085,1038.0,P260,Electronics,East,Patna,Medium,Pending,2,869.58,869.58,1739.16,2025-12-19,User_85,user85@example.com
10086,1359.0,P980,Groceries,West,Pune,High,Cancelled,1,1234.23,1234.23,1234.23,2025-04-30,User_86,user86@example.com
10087,1217.0,P217,Sports,East,Patna,High,Cancelled,10,3339.8,3339.8,33398.0,2025-03-18,User_87,user87@example.com
10088,1304.0,P866,Sports,East,Kolkata,Medium,Pending,2,392.23,392.23,784.46,2025-03-05,User_88,user88@example.com
10089,1256.0,P652,Groceries,West,Ahmedabad,Medium,Completed,5,3528.7,3528.7,17643.5,2025-11-03,User_89,user89@example.com
10090,,P334,Books,North,Chandigarh,Low,Cancelled,6,3058.2,3058.2,18349.2,2025-01-11,User_90,user90@example.com
10091,1265.0,P767,Groceries,East,Patna,Medium,Completed,1,3839.23,3839.23,3839.23,2025-10-27,User_91,user91@example.com
10092,1209.0,P441,Clothing,West,Ahmedabad,Low,Completed,8,4848.37,4848.37,38786.96,2025-03-24,User_92,user92@example.com
10093,1416.0,P878,Sports,East,Bhubaneswar,High,Pending,8,1512.27,1512.27,12098.16,2025-02-15,User_93,user93@example.com
10094,1442.0,P626,Electronics,East,Bhubaneswar,Low,Cancelled,6,668.02,668.02,4008.12,2025-08-25,User_94,user94@example.com
10095,1255.0,P740,Groceries,West,Mumbai,High,Completed,4,2640.35,2640.35,10561.4,2025-05-17,User_95,user95@example.com
10096,1014.0,P745,Sports,South,Bengaluru,High,Cancelled,8,4416.15,4416.15,35329.2,2025-03-23,User_96,user96@example.com
10097,1430.0,P216,Groceries,East,Patna,High,Cancelled,1,2806.03,2806.03,2806.03,2025-03-20,User_97,user97@example.com
10098,1427.0,P594,Groceries,West,Ahmedabad,High,Pending,5,2593.47,2593.47,12967.35,2025-10-10,User_98,user98@example.com
10099,1450.0,P239,Electronics,South,Bengaluru,Medium,Pending,4,4617.15,4617.15,18468.6,2025-06-24,User_99,user99@example.com
10100,1296.0,P775,Groceries,East,Kolkata,High,Pending,5,3657.65,3657.65,18288.25,2025-10-03,User_100,user100@example.com
10101,1233.0,P429,Furniture,West,Pune,Low,Completed,6,2804.4,2804.4,16826.4,2025-10-20,User_101,user101@example.com
10102,1361.0,P930,Groceries,West,Mumbai,Medium,Cancelled,7,313.87,313.87,2197.09,2025-11-30,User_102,user102@example.com
10103,1169.0,P990,Electronics,South,Bengaluru,Medium,Completed,1,718.61,718.61,718.61,2025-09-27,User_103,user103@example.com
10104,1079.0,P176,Groceries,West,Mumbai,Medium,Pending,3,2108.9,2108.9,6326.7,2025-11-16,User_104,user104@example.com
10105,1439.0,P646,Groceries,West,Ahmedabad,Medium,Cancelled,2,4273.65,4273.65,8547.3,2025-09-07,User_105,user105@example.com
10106,1147.0,P332,Books,North,Lucknow,High,Pending,2,1250.37,1250.37,2500.74,2025-02-20,User_106,user106@example.com
10107,1023.0,P432,Electronics,North,Chandigarh,Medium,Pending,3,3500.61,3500.61,10501.83,2025-07-11,User_107,user107@example.com
10108,1405.0,P284,Furniture,West,Mumbai,High,Completed,4,2702.71,2702.71,10810.84,2025-11-09,User_108,user108@example.com
10109,1118.0,P572,Books,West,Ahmedabad,Medium,Pending,4,2538.57,2538.57,10154.28,2025-05-11,User_109,user109@example.com
10110,1226.0,P453,Sports,North,Chandigarh,Medium,Cancelled,5,3420.29,3420.29,17101.45,2025-08-06,User_110,user110@example.com
10111,1247.0,P209,Furniture,East,Bhubaneswar,Medium,Cancelled,5,1076.16,1076.16,5380.8,2025-07-03,User_111,user111@example.com
10112,1202.0,P381,Electronics,East,Patna,Low,Cancelled,5,207.5,207.5,1037.5,2025-01-26,User_112,user112@example.com
10113,1325.0,P294,Sports,West,Pune,Medium,Cancelled,4,3074.62,3074.62,12298.48,2025-12-04,User_113,user113@example.com
10114,1158.0,P907,Groceries,South,Chennai,High,Cancelled,2,4526.68,4526.68,9053.36,2025-07-06,User_114,user114@example.com
10115,1102.0,P235,Sports,South,Hyderabad,Medium,Cancelled,5,1700.92,1700.92,8504.6,2025-09-14,User_115,user115@example.com
10116,1495.0,P925,Clothing,East,Kolkata,Low,Pending,5,4578.84,4578.84,22894.2,2025-02-28,User_116,user116@example.com
10117,1346.0,P841,Books,West,Mumbai,Medium,Cancelled,3,3795.34,3795.34,11386.02,2025-07-07,User_117,user117@example.com
10118,1188.0,P788,Books,North,Chandigarh,Low,Pending,1,1395.85,1395.85,1395.85,2025-10-27,User_118,user118@example.com
10119,1012.0,P734,Sports,West,Ahmedabad,Medium,Cancelled,6,630.9,630.9,3785.4,2025-04-24,User_119,user119@example.com
10120,1209.0,P219,Furniture,North,Lucknow,High,Completed,8,4556.0,4556.0,36448.0,2025-06-05,User_120,user120@example.com
10121,1198.0,P564,Clothing,West,Mumbai,Low,Cancelled,2,1250.52,1250.52,2501.04,2025-12-23,User_121,user121@example.com
10122,1426.0,P601,Sports,West,Ahmedabad,Medium,Pending,3,4438.53,4438.53,13315.59,2025-01-17,User_122,user122@example.com
10123,1185.0,P201,Books,East,Kolkata,Medium,Cancelled,8,2279.01,2279.01,18232.08,2025-11-27,User_123,user123@example.com
10124,1485.0,P968,Groceries,East,Kolkata,High,Cancelled,7,1451.82,1451.82,10162.74,2025-04-19,User_124,user124@example.com
10125,1289.0,P310,Electronics,North,Delhi,Low,Completed,6,1293.49,1293.49,7760.94,2025-10-28,User_125,user125@example.com
10126,1305.0,P102,Clothing,South,Hyderabad,High,Completed,6,3894.41,3894.41,23366.46,2025-10-04,User_126,user126@example.com
10127,,P115,Clothing,East,Kolkata,High,Cancelled,2,3339.18,3339.18,6678.36,2025-06-15,User_127,user127@example.com
10128,1269.0,P216,Books,North,Delhi,High,Pending,5,356.76,356.76,1783.8,2025-08-18,User_128,user128@example.com
10129,1484.0,P729,Electronics,East,Patna,Low,Cancelled,10,634.36,634.36,6343.6,2025-09-24,User_129,user129@example.com
10130,1205.0,P536,Books,East,Bhubaneswar,High,Pending,1,398.04,398.04,398.04,2025-12-31,User_130,user130@example.com
10131,1064.0,P381,Sports,West,Mumbai,Low,Cancelled,2,1678.35,1678.35,3356.7,2025-10-08,User_131,user131@example.com
10132,1309.0,P540,Electronics,East,Bhubaneswar,Low,Completed,10,2699.73,2699.73,26997.3,2025-12-02,User_132,user132@example.com
10133,1423.0,P564,Groceries,South,Bengaluru,Medium,Cancelled,8,4451.65,4451.65,35613.2,2025-02-18,User_133,user133@example.com
10134,1078.0,P803,Groceries,East,Bhubaneswar,High,Completed,6,3359.03,3359.03,20154.18,2025-02-13,User_134,user134@example.com
10135,1066.0,P669,Electronics,North,Chandigarh,Low,Cancelled,2,3748.49,3748.49,7496.98,2025-10-15,User_135,user135@example.com
10136,1481.0,P868,Groceries,East,Patna,Low,Completed,2,2112.96,2112.96,4225.92,2025-05-28,User_136,user136@example.com
10137,1336.0,P593,Furniture,East,Bhubaneswar,High,Pending,2,2931.8,2931.8,5863.6,2025-10-12,User_137,user137@example.com
10138,1432.0,P674,Sports,East,Kolkata,Low,Cancelled,5,2913.09,2913.09,14565.45,2025-11-26,User_138,user138@example.com
10139,1390.0,P416,Clothing,North,Lucknow,Medium,Completed,5,241.87,241.87,1209.35,2025-04-03,User_139,user139@example.com
10140,1497.0,P131,Electronics,South,Chennai,Low,Cancelled,7,440.97,440.97,3086.79,2025-04-21,User_140,user140@example.com
10141,1369.0,P432,Sports,West,Pune,Low,Completed,8,1770.39,1770.39,14163.12,2025-01-27,User_141,user141@example.com
10142,1226.0,P777,Groceries,South,Hyderabad,Medium,Cancelled,10,343.84,343.84,3438.4,2025-08-15,User_142,user142@example.com
10143,1220.0,P213,Clothing,West,Pune,Low,Cancelled,4,3799.22,3799.22,15196.88,2025-10-31,User_143,user143@example.com
10144,1306.0,P156,Electronics,West,Ahmedabad,High,Pending,5,322.55,322.55,1612.75,2025-04-19,User_144,user144@example.com
10145,,P864,Groceries,South,Bengaluru,High,Completed,5,1707.8,1707.8,8539.0,2025-07-14,User_145,user145@example.com
10146,1036.0,P506,Books,South,Chennai,High,Pending,9,4183.44,4183.44,37650.96,2025-01-10,User_146,user146@example.com
10147,1363.0,P755,Groceries,West,Mumbai,Medium,Completed,6,2921.22,2921.22,17527.32,2025-07-27,User_147,user147@example.com
10148,1425.0,P806,Clothing,North,Chandigarh,High,Pending,3,4026.48,4026.48,12079.44,2025-02-24,User_148,user148@example.com
10149,1445.0,P417,Books,South,Bengaluru,Medium,Completed,10,2062.2,2062.2,20622.0,2025-06-20,User_149,user149@example.com
10150,1099.0,P894,Clothing,South,Hyderabad,Medium,Cancelled,9,3202.8,3202.8,28825.2,2025-11-27,User_150,user150@example.com
10151,1308.0,P256,Books,South,Hyderabad,High,Completed,2,817.58,817.58,1635.16,2025-11-18,User_151,user151@example.com
10152,1473.0,P678,Books,West,Pune,Low,Cancelled,10,3823.4,3823.4,38234.0,2025-06-15,User_152,user152@example.com
10153,1155.0,P915,Clothing,East,Kolkata,Low,Completed,8,434.6,434.6,3476.8,2025-06-30,User_153,user153@example.com
10154,1425.0,P393,Electronics,North,Chandigarh,Low,Completed,8,2314.38,2314.38,18515.04,2025-11-11,User_154,user154@example.com
10155,1458.0,P142,Groceries,West,Pune,Low,Cancelled,10,2816.15,2816.15,28161.5,2025-04-07,User_155,user155@example.com
10156,1230.0,P205,Clothing,East,Patna,Low,Completed,8,2556.7,2556.7,20453.6,2025-09-16,User_156,user156@example.com
10157,1268.0,P635,Sports,South,Hyderabad,High,Pending,4,3567.35,3567.35,14269.4,2025-07-10,User_157,user157@example.com
10158,1026.0,P908,Books,East,Bhubaneswar,Low,Pending,7,3894.88,3894.88,27264.16,2025-02-03,User_158,user158@example.com
10159,1370.0,P972,Books,East,Kolkata,Low,Completed,9,3424.06,3424.06,30816.54,2025-06-20,User_159,user159@example.com
10160,1335.0,P815,Books,North,Lucknow,Medium,Completed,3,4592.06,4592.06,13776.18,2025-11-01,User_160,user160@example.com
10161,1416.0,P230,Books,North,Chandigarh,Low,Cancelled,9,1945.73,1945.73,17511.57,2025-12-17,User_161,user161@example.com
10162,,P416,Furniture,North,Lucknow,High,Pending,7,2591.59,2591.59,18141.13,2025-09-06,User_162,user162@example.com
10163,1403.0,P203,Sports,South,Hyderabad,Low,Cancelled,3,859.23,859.23,2577.69,2025-09-27,User_163,user163@example.com
10164,1305.0,P485,Furniture,North,Lucknow,High,Completed,6,4394.32,4394.32,26365.92,2025-12-21,User_164,user164@example.com
10165,1368.0,P343,Groceries,South,Chennai,Low,Pending,8,314.09,314.09,2512.72,2025-08-18,User_165,user165@example.com
10166,1240.0,P955,Furniture,South,Chennai,Medium,Cancelled,4,1616.39,1616.39,6465.56,2025-10-20,User_166,user166@example.com
10167,1214.0,P265,Furniture,West,Pune,Low,Completed,5,3912.81,3912.81,19564.05,2025-05-09,User_167,user167@example.com
10168,1052.0,P828,Sports,North,Lucknow,High,Pending,8,4383.17,4383.17,35065.36,2025-02-12,User_168,user168@example.com
10169,1223.0,P193,Furniture,South,Bengaluru,Medium,Pending,8,4536.0,4536.0,36288.0,2025-01-14,User_169,user169@example.com
10170,1041.0,P483,Furniture,West,Mumbai,High,Pending,7,2559.83,2559.83,17918.81,2025-02-20,User_170,user170@example.com
10171,1241.0,P812,Furniture,East,Kolkata,Low,Pending,3,287.69,287.69,863.07,2025-08-18,User_171,user171@example.com
10172,1280.0,P844,Sports,North,Delhi,Low,Pending,1,1354.03,1354.03,1354.03,2025-02-26,User_172,user172@example.com
10173,1327.0,P912,Sports,East,Kolkata,Medium,Completed,5,697.06,697.06,3485.3,2025-02-26,User_173,user173@example.com
10174,1123.0,P835,Furniture,West,Ahmedabad,Medium,Pending,9,180.53,180.53,1624.77,2025-01-01,User_174,user174@example.com
10175,1043.0,P636,Clothing,East,Kolkata,High,Cancelled,10,2141.18,2141.18,21411.8,2025-10-06,User_175,user175@example.com
10176,1191.0,P359,Books,North,Chandigarh,High,Pending,8,313.32,313.32,2506.56,2025-02-04,User_176,user176@example.com
10177,1170.0,P236,Electronics,East,Kolkata,Medium,Cancelled,2,3880.36,3880.36,7760.72,2025-06-23,User_177,user177@example.com
10178,1093.0,P930,Furniture,South,Chennai,High,Cancelled,8,4906.01,4906.01,39248.08,2025-08-23,User_178,user178@example.com
10179,1021.0,P423,Clothing,North,Chandigarh,Low,Pending,4,314.65,314.65,1258.6,2025-10-06,User_179,user179@example.com
10180,1182.0,P982,Electronics,West,Pune,Low,Pending,1,3791.13,3791.13,3791.13,2025-05-20,User_180,user180@example.com
10181,1458.0,P495,Clothing,North,Chandigarh,High,Pending,7,4458.48,4458.48,31209.36,2025-12-21,User_181,user181@example.com
10182,1217.0,P180,Groceries,West,Pune,Low,Completed,9,1406.93,1406.93,12662.37,2025-10-07,User_182,user182@example.com
10183,1156.0,P556,Sports,East,Bhubaneswar,Low,Pending,2,492.34,492.34,984.68,2025-03-27,User_183,user183@example.com
10184,1180.0,P729,Groceries,West,Pune,Medium,Cancelled,8,307.54,307.54,2460.32,2025-01-30,User_184,user184@example.com
10185,1347.0,P263,Electronics,North,Lucknow,High,Cancelled,7,1880.22,1880.22,13161.54,2025-12-14,User_185,user185@example.com
10186,1187.0,P470,Groceries,West,Mumbai,Low,Completed,3,429.44,429.44,1288.32,2025-11-06,User_186,user186@example.com
10187,1390.0,P178,Sports,South,Chennai,High,Cancelled,8,4749.24,4749.24,37993.92,2025-07-07,User_187,user187@example.com
10188,1376.0,P290,Groceries,West,Pune,Low,Pending,5,1323.1,1323.1,6615.5,2025-10-15,User_188,user188@example.com
10189,1313.0,P392,Books,North,Chandigarh,Medium,Completed,5,3549.79,3549.79,17748.95,2025-03-04,User_189,user189@example.com
10190,1044.0,P929,Books,South,Hyderabad,Medium,Cancelled,8,946.02,946.02,7568.16,2025-06-27,User_190,user190@example.com
10191,1080.0,P828,Books,North,Lucknow,Low,Cancelled,9,1522.78,1522.78,13705.02,2025-03-31,User_191,user191@example.com
10192,1071.0,P342,Groceries,East,Patna,High,Pending,4,694.68,694.68,2778.72,2025-10-11,User_192,user192@example.com
10193,1033.0,P416,Groceries,East,Bhubaneswar,Low,Cancelled,9,735.88,735.88,6622.92,2025-09-03,User_193,user193@example.com
10194,1328.0,P175,Groceries,West,Pune,Medium,Cancelled,10,461.38,461.38,4613.8,2025-09-22,User_194,user194@example.com
10195,1494.0,P232,Groceries,East,Kolkata,Low,Completed,9,3234.99,3234.99,29114.91,2025-03-05,User_195,user195@example.com
10196,1115.0,P454,Sports,South,Bengaluru,Medium,Completed,3,893.64,893.64,2680.92,2025-05-09,User_196,user196@example.com
10197,1314.0,P646,Electronics,South,Chennai,Low,Cancelled,9,1444.81,1444.81,13003.29,2025-03-28,User_197,user197@example.com
10198,1431.0,P677,Electronics,South,Hyderabad,High,Completed,10,3631.1,3631.1,36311.0,2025-01-24,User_198,user198@example.com
10199,1327.0,P131,Groceries,East,Patna,Low,Cancelled,4,3858.1,3858.1,15432.4,2025-05-29,User_199,user199@example.com
10200,1152.0,P564,Electronics,East,Bhubaneswar,Low,Completed,4,4042.97,4042.97,16171.88,2025-03-22,User_200,user200@example.com
10201,1073.0,P420,Books,West,Pune,Medium,Cancelled,8,2375.77,2375.77,19006.16,2025-06-26,User_201,user201@example.com
10202,1123.0,P577,Electronics,West,Mumbai,Medium,Pending,6,2623.4,2623.4,15740.4,2025-05-07,User_202,user202@example.com
10203,1315.0,P528,Furniture,South,Hyderabad,High,Pending,1,1522.04,1522.04,1522.04,2025-10-23,User_203,user203@example.com
10204,1255.0,P415,Groceries,East,Kolkata,High,Completed,3,2541.5,2541.5,7624.5,2025-07-21,User_204,user204@example.com
10205,1144.0,P606,Sports,West,Mumbai,Low,Cancelled,4,2958.39,2958.39,11833.56,2025-08-29,User_205,user205@example.com
10206,1451.0,P370,Books,East,Patna,Medium,Pending,1,4251.14,4251.14,4251.14,2025-07-07,User_206,user206@example.com
10207,1283.0,P395,Electronics,North,Chandigarh,Medium,Cancelled,1,2894.38,2894.38,2894.38,2025-08-19,User_207,user207@example.com
10208,1201.0,P482,Clothing,East,Patna,Low,Pending,10,682.17,682.17,6821.7,2025-03-15,User_208,user208@example.com
10209,1019.0,P240,Books,South,Chennai,Medium,Pending,9,2066.8,2066.8,18601.2,2025-09-23,User_209,user209@example.com
10210,1476.0,P727,Clothing,West,Mumbai,High,Pending,10,4476.35,4476.35,44763.5,2025-11-12,User_210,user210@example.com
10211,1250.0,P825,Sports,East,Patna,Medium,Pending,6,2585.84,2585.84,15515.04,2025-01-09,User_211,user211@example.com
10212,1407.0,P842,Books,East,Bhubaneswar,Low,Completed,2,4901.5,4901.5,9803.0,2025-11-02,User_212,user212@example.com
10213,1298.0,P591,Furniture,West,Pune,Low,Cancelled,10,2930.41,2930.41,29304.1,2025-11-14,User_213,user213@example.com
10214,1056.0,P295,Electronics,West,Mumbai,Medium,Pending,4,254.7,254.7,1018.8,2025-08-03,User_214,user214@example.com
10215,1471.0,P582,Books,South,Bengaluru,Low,Completed,4,2110.85,2110.85,8443.4,2025-12-28,User_215,user215@example.com
10216,1244.0,P638,Groceries,South,Chennai,Medium,Completed,4,2848.35,2848.35,11393.4,2025-08-24,User_216,user216@example.com
10217,1348.0,P758,Books,East,Patna,Medium,Cancelled,6,3411.76,3411.76,20470.56,2025-09-05,User_217,user217@example.com
10218,1498.0,P404,Clothing,South,Hyderabad,Low,Completed,5,2834.62,2834.62,14173.1,2025-12-20,User_218,user218@example.com
10219,1407.0,P838,Clothing,West,Pune,Medium,Completed,8,1809.14,1809.14,14473.12,2025-10-21,User_219,user219@example.com
10220,1148.0,P143,Clothing,West,Pune,Low,Completed,6,4777.58,4777.58,28665.48,2025-06-27,User_220,user220@example.com
10221,1423.0,P651,Clothing,West,Ahmedabad,Low,Cancelled,5,3761.96,3761.96,18809.8,2025-05-20,User_221,user221@example.com
10222,1025.0,P785,Sports,South,Hyderabad,High,Cancelled,10,3730.37,3730.37,37303.7,2025-04-30,User_222,user222@example.com
10223,1348.0,P889,Furniture,North,Delhi,High,Cancelled,7,1718.44,1718.44,12029.08,2025-03-22,User_223,user223@example.com
10224,1493.0,P394,Clothing,West,Ahmedabad,Medium,Cancelled,8,2439.5,2439.5,19516.0,2025-01-31,User_224,user224@example.com
10225,1435.0,P138,Furniture,North,Lucknow,Medium,Completed,10,1237.88,1237.88,12378.8,2025-01-19,User_225,user225@example.com
10226,1474.0,P396,Electronics,West,Pune,High,Pending,3,4689.38,4689.38,14068.14,2025-10-18,User_226,user226@example.com
10227,1268.0,P605,Furniture,North,Chandigarh,Low,Pending,5,2326.31,2326.31,11631.55,2025-05-20,User_227,user227@example.com
10228,1131.0,P835,Furniture,South,Hyderabad,High,Cancelled,6,896.22,896.22,5377.32,2025-06-22,User_228,user228@example.com
10229,1459.0,P515,Groceries,East,Patna,Low,Pending,4,959.93,959.93,3839.72,2025-02-14,User_229,user229@example.com
10230,1165.0,P354,Electronics,West,Ahmedabad,Medium,Pending,2,1005.43,1005.43,2010.86,2025-05-01,User_230,user230@example.com
10231,1005.0,P367,Books,West,Pune,Medium,Cancelled,6,1579.53,1579.53,9477.18,2025-05-01,User_231,user231@example.com
10232,1351.0,P614,Books,North,Lucknow,Medium,Cancelled,2,2380.44,2380.44,4760.88,2025-03-02,User_232,user232@example.com
10233,1244.0,P256,Groceries,East,Bhubaneswar,Low,Cancelled,10,1182.16,1182.16,11821.6,2025-07-11,User_233,user233@example.com
10234,1410.0,P780,Furniture,West,Ahmedabad,High,Cancelled,9,4572.7,4572.7,41154.3,2025-11-02,User_234,user234@example.com
10235,1469.0,P677,Electronics,North,Lucknow,High,Cancelled,8,2688.05,2688.05,21504.4,2025-09-16,User_235,user235@example.com
10236,1266.0,P552,Electronics,South,Chennai,Low,Completed,9,834.28,834.28,7508.52,2025-10-26,User_236,user236@example.com
10237,1067.0,P625,Groceries,West,Mumbai,Medium,Cancelled,9,2282.87,2282.87,20545.83,2025-01-30,User_237,user237@example.com
10238,1418.0,P103,Books,West,Ahmedabad,High,Cancelled,5,3644.07,3644.07,18220.35,2025-02-07,User_238,user238@example.com
10239,1030.0,P170,Groceries,North,Chandigarh,High,Pending,6,3531.89,3531.89,21191.34,2025-07-29,User_239,user239@example.com
10240,1229.0,P990,Groceries,South,Hyderabad,Medium,Completed,7,1934.86,1934.86,13544.02,2025-12-16,User_240,user240@example.com
10241,1201.0,P641,Furniture,South,Chennai,Low,Completed,6,681.3,681.3,4087.8,2025-01-02,User_241,user241@example.com
10242,1272.0,P488,Furniture,North,Chandigarh,High,Pending,8,3400.15,3400.15,27201.2,2025-06-27,User_242,user242@example.com
10243,1057.0,P132,Books,South,Bengaluru,Medium,Cancelled,4,4693.31,4693.31,18773.24,2025-01-09,User_243,user243@example.com
10244,1306.0,P788,Books,South,Hyderabad,High,Completed,2,594.39,594.39,1188.78,2025-01-23,User_244,user244@example.com
10245,1397.0,P157,Furniture,West,Pune,Low,Pending,4,2744.82,2744.82,10979.28,2025-04-30,User_245,user245@example.com
10246,1121.0,P409,Furniture,East,Patna,Low,Cancelled,10,3885.44,3885.44,38854.4,2025-04-24,User_246,user246@example.com
10247,1450.0,P852,Furniture,West,Pune,Low,Cancelled,5,398.69,398.69,1993.45,2025-08-07,User_247,user247@example.com
10248,1402.0,P637,Clothing,West,Mumbai,Low,Pending,6,4713.77,4713.77,28282.62,2025-07-29,User_248,user248@example.com
10249,1123.0,P969,Furniture,South,Bengaluru,Medium,Cancelled,7,1001.01,1001.01,7007.07,2025-03-15,User_249,user249@example.com
10250,1271.0,P237,Groceries,West,Mumbai,High,Pending,9,2122.12,2122.12,19099.08,2025-04-15,User_250,user250@example.com
10251,1047.0,P648,Books,East,Patna,High,Completed,2,4618.91,4618.91,9237.82,2025-05-18,User_251,user251@example.com
10252,1096.0,P923,Sports,West,Ahmedabad,Low,Cancelled,10,3054.32,3054.32,30543.2,2025-10-14,User_252,user252@example.com
10253,1489.0,P115,Furniture,South,Bengaluru,High,Cancelled,4,4360.42,4360.42,17441.68,2025-03-02,User_253,user253@example.com
10254,1122.0,P665,Clothing,West,Mumbai,Medium,Pending,10,3548.47,3548.47,35484.7,2025-08-27,User_254,user254@example.com
10255,1238.0,P200,Books,East,Bhubaneswar,Medium,Pending,5,1862.26,1862.26,9311.3,2025-04-15,User_255,user255@example.com
10256,1379.0,P249,Electronics,East,Bhubaneswar,Medium,Cancelled,7,324.01,324.01,2268.07,2025-10-27,User_256,user256@example.com
10257,1291.0,P953,Furniture,West,Pune,Medium,Cancelled,3,1061.34,1061.34,3184.02,2025-12-02,User_257,user257@example.com
10258,1251.0,P571,Furniture,East,Bhubaneswar,Low,Pending,8,4835.89,4835.89,38687.12,2025-03-28,User_258,user258@example.com
10259,1277.0,P757,Electronics,South,Chennai,Low,Completed,9,2492.75,2492.75,22434.75,2025-02-08,User_259,user259@example.com
10260,1034.0,P824,Furniture,North,Delhi,High,Completed,7,773.71,773.71,5415.97,2025-09-16,User_260,user260@example.com
10261,1315.0,P594,Books,West,Pune,Medium,Completed,1,3127.39,3127.39,3127.39,2025-01-04,User_261,user261@example.com
10262,1500.0,P393,Electronics,West,Mumbai,Low,Cancelled,1,2694.15,2694.15,2694.15,2025-12-12,User_262,user262@example.com
10263,1123.0,P296,Sports,West,Mumbai,Low,Pending,2,4598.44,4598.44,9196.88,2025-07-01,User_263,user263@example.com
10264,1289.0,P349,Books,East,Bhubaneswar,High,Pending,2,1927.95,1927.95,3855.9,2025-12-17,User_264,user264@example.com
10265,1282.0,P587,Electronics,North,Lucknow,Low,Completed,1,558.15,558.15,558.15,2025-12-26,User_265,user265@example.com
10266,1169.0,P679,Electronics,South,Hyderabad,Low,Completed,8,4242.12,4242.12,33936.96,2025-04-28,User_266,user266@example.com
10267,1038.0,P800,Clothing,South,Chennai,Low,Cancelled,10,2429.95,2429.95,24299.5,2025-12-03,User_267,user267@example.com
10268,1073.0,P870,Books,North,Delhi,Medium,Completed,6,176.72,176.72,1060.32,2025-06-03,User_268,user268@example.com
10269,1346.0,P653,Clothing,South,Chennai,Medium,Cancelled,4,2876.81,2876.81,11507.24,2025-03-13,User_269,user269@example.com
10270,1429.0,P177,Clothing,North,Lucknow,Low,Cancelled,6,363.11,363.11,2178.66,2025-11-01,User_270,user270@example.com
10271,1230.0,P602,Furniture,West,Pune,Medium,Cancelled,1,3207.2,3207.2,3207.2,2025-07-12,User_271,user271@example.com
10272,1316.0,P402,Furniture,West,Mumbai,Low,Completed,10,3337.29,3337.29,33372.9,2025-02-12,User_272,user272@example.com
10273,1378.0,P498,Clothing,East,Kolkata,Medium,Completed,7,3587.22,3587.22,25110.54,2025-02-16,User_273,user273@example.com
10274,1067.0,P189,Furniture,North,Chandigarh,Medium,Pending,8,1863.6,1863.6,14908.8,2025-10-13,User_274,user274@example.com
10275,1305.0,P712,Clothing,West,Mumbai,Medium,Completed,1,539.13,539.13,539.13,2025-05-30,User_275,user275@example.com
10276,1500.0,P348,Sports,West,Pune,Low,Completed,2,3651.73,3651.73,7303.46,2025-12-17,User_276,user276@example.com
10277,1074.0,P164,Furniture,West,Mumbai,Medium,Pending,3,1417.7,1417.7,4253.1,2025-08-04,User_277,user277@example.com
10278,1369.0,P740,Groceries,East,Bhubaneswar,Low,Cancelled,2,1869.51,1869.51,3739.02,2025-04-11,User_278,user278@example.com
10279,1170.0,P961,Sports,West,Mumbai,Medium,Pending,3,1592.82,1592.82,4778.46,2025-08-14,User_279,user279@example.com
10280,1485.0,P811,Furniture,East,Bhubaneswar,Medium,Pending,10,767.01,767.01,7670.1,2025-04-01,User_280,user280@example.com
10281,1495.0,P689,Furniture,West,Pune,Medium,Pending,5,3700.88,3700.88,18504.4,2025-05-24,User_281,user281@example.com
10282,1279.0,P284,Books,West,Pune,Low,Completed,2,4667.13,4667.13,9334.26,2025-08-25,User_282,user282@example.com
10283,1434.0,P914,Groceries,South,Bengaluru,Low,Pending,5,4173.28,4173.28,20866.4,2025-03-13,User_283,user283@example.com
10284,1404.0,P486,Electronics,East,Kolkata,Medium,Cancelled,5,3327.45,3327.45,16637.25,2025-09-03,User_284,user284@example.com
10285,1214.0,P656,Electronics,West,Ahmedabad,Medium,Cancelled,9,4625.13,4625.13,41626.17,2025-10-02,User_285,user285@example.com
10286,1331.0,P727,Electronics,North,Delhi,Low,Cancelled,4,3322.25,3322.25,13289.0,2025-12-13,User_286,user286@example.com
10287,1113.0,P622,Books,West,Pune,Low,Cancelled,7,619.13,619.13,4333.91,2025-10-25,User_287,user287@example.com
10288,1301.0,P807,Sports,South,Bengaluru,High,Pending,6,2016.56,2016.56,12099.36,2025-01-13,User_288,user288@example.com
10289,1059.0,P951,Books,West,Mumbai,High,Pending,5,2138.28,2138.28,10691.4,2025-06-09,User_289,user289@example.com
10290,1049.0,P548,Books,East,Bhubaneswar,Low,Pending,4,2653.46,2653.46,10613.84,2025-06-13,User_290,user290@example.com
10291,1434.0,P451,Books,North,Chandigarh,High,Cancelled,1,4069.91,4069.91,4069.91,2025-03-26,User_291,user291@example.com
10292,1218.0,P573,Furniture,South,Chennai,Medium,Cancelled,3,2804.36,2804.36,8413.08,2025-04-05,User_292,user292@example.com
10293,1452.0,P302,Groceries,South,Chennai,Low,Pending,7,2038.35,2038.35,14268.45,2025-07-19,User_293,user293@example.com
10294,1414.0,P915,Electronics,North,Lucknow,Low,Completed,4,1108.34,1108.34,4433.36,2025-10-02,User_294,user294@example.com
10295,1343.0,P983,Groceries,South,Bengaluru,Low,Cancelled,6,1065.66,1065.66,6393.96,2025-06-10,User_295,user295@example.com
10296,1432.0,P568,Sports,West,Ahmedabad,High,Cancelled,7,2976.32,2976.32,20834.24,2025-12-28,User_296,user296@example.com
10297,1060.0,P344,Clothing,East,Patna,High,Completed,10,515.28,515.28,5152.8,2025-07-11,User_297,user297@example.com
10298,1196.0,P533,Furniture,South,Chennai,Medium,Cancelled,7,2149.37,2149.37,15045.59,2025-10-03,User_298,user298@example.com
10299,1161.0,P962,Groceries,South,Chennai,Low,Completed,3,2499.25,2499.25,7497.75,2025-07-03,User_299,user299@example.com
10300,1287.0,P617,Books,North,Chandigarh,Medium,Pending,3,1056.13,1056.13,3168.39,2025-12-17,User_300,user300@example.com
10301,1015.0,P914,Furniture,West,Pune,Medium,Completed,8,2494.63,2494.63,19957.04,2025-05-21,User_301,user301@example.com
10302,1380.0,P891,Groceries,South,Chennai,Low,Cancelled,5,924.22,924.22,4621.1,2025-02-27,User_302,user302@example.com
10303,1421.0,P874,Electronics,North,Chandigarh,Low,Pending,9,4134.09,4134.09,37206.81,2025-10-07,User_303,user303@example.com
10304,1126.0,P404,Electronics,South,Bengaluru,Medium,Pending,2,3706.34,3706.34,7412.68,2025-06-28,User_304,user304@example.com
10305,1415.0,P855,Sports,North,Chandigarh,Low,Pending,2,3900.6,3900.6,7801.2,2025-12-30,User_305,user305@example.com
10306,1105.0,P924,Electronics,West,Mumbai,Low,Pending,10,782.25,782.25,7822.5,2025-09-30,User_306,user306@example.com
10307,1149.0,P396,Sports,East,Patna,Medium,Cancelled,9,925.05,925.05,8325.45,2025-12-14,User_307,user307@example.com
10308,1443.0,P771,Furniture,North,Delhi,Low,Completed,7,4601.97,4601.97,32213.79,2025-05-08,User_308,user308@example.com
10309,1346.0,P502,Groceries,South,Chennai,High,Cancelled,6,4159.56,4159.56,24957.36,2025-11-20,User_309,user309@example.com
10310,1406.0,P887,Electronics,East,Patna,Medium,Cancelled,7,1938.34,1938.34,13568.38,2025-05-23,User_310,user310@example.com
10311,,P892,Books,East,Bhubaneswar,High,Cancelled,8,1703.72,1703.72,13629.76,2025-08-23,User_311,user311@example.com
10312,1422.0,P316,Groceries,East,Kolkata,Medium,Pending,9,2048.81,2048.81,18439.29,2025-05-26,User_312,user312@example.com
10313,1403.0,P451,Books,East,Patna,High,Completed,10,739.91,739.91,7399.1,2025-02-20,User_313,user313@example.com
10314,1233.0,P100,Groceries,West,Mumbai,High,Cancelled,2,4654.22,4654.22,9308.44,2025-03-09,User_314,user314@example.com
10315,1042.0,P480,Books,East,Kolkata,Low,Completed,5,557.37,557.37,2786.85,2025-01-27,User_315,user315@example.com
10316,1219.0,P771,Electronics,West,Ahmedabad,Low,Completed,5,3657.34,3657.34,18286.7,2025-01-01,User_316,user316@example.com
10317,1348.0,P555,Electronics,South,Bengaluru,High,Cancelled,2,750.23,750.23,1500.46,2025-06-25,User_317,user317@example.com
10318,1045.0,P848,Electronics,North,Chandigarh,High,Pending,3,2440.73,2440.73,7322.19,2025-07-08,User_318,user318@example.com
10319,1068.0,P756,Books,East,Kolkata,High,Completed,7,3889.96,3889.96,27229.72,2025-09-29,User_319,user319@example.com
10320,1321.0,P866,Furniture,North,Lucknow,Medium,Cancelled,3,2256.49,2256.49,6769.47,2025-12-18,User_320,user320@example.com
10321,1063.0,P703,Books,West,Mumbai,Medium,Pending,2,4493.31,4493.31,8986.62,2025-08-08,User_321,user321@example.com
10322,1283.0,P715,Sports,East,Kolkata,Low,Cancelled,4,1457.14,1457.14,5828.56,2025-05-26,User_322,user322@example.com
10323,1096.0,P865,Groceries,North,Lucknow,Medium,Cancelled,5,1106.68,1106.68,5533.4,2025-01-28,User_323,user323@example.com
10324,1304.0,P172,Sports,South,Bengaluru,High,Pending,7,652.44,652.44,4567.08,2025-06-12,User_324,user324@example.com
10325,1088.0,P881,Groceries,South,Bengaluru,High,Completed,10,2162.23,2162.23,21622.3,2025-10-28,User_325,user325@example.com
10326,1485.0,P908,Groceries,North,Delhi,Low,Pending,5,1157.14,1157.14,5785.7,2025-11-18,User_326,user326@example.com
10327,1315.0,P256,Clothing,West,Pune,High,Pending,7,503.9,503.9,3527.3,2025-02-10,User_327,user327@example.com
10328,1390.0,P954,Books,South,Hyderabad,Low,Cancelled,9,1701.08,1701.08,15309.72,2025-02-03,User_328,user328@example.com
10329,1029.0,P350,Electronics,East,Patna,Medium,Completed,7,3676.8,3676.8,25737.6,2025-08-21,User_329,user329@example.com
10330,1359.0,P111,Furniture,North,Chandigarh,Medium,Pending,3,685.27,685.27,2055.81,2025-09-25,User_330,user330@example.com
10331,1137.0,P850,Electronics,East,Kolkata,High,Pending,6,721.96,721.96,4331.76,2025-08-08,User_331,user331@example.com
10332,1321.0,P178,Groceries,East,Patna,Medium,Cancelled,2,1388.45,1388.45,2776.9,2025-07-04,User_332,user332@example.com
10333,1395.0,P205,Sports,North,Chandigarh,Low,Cancelled,10,917.72,917.72,9177.2,2025-03-01,User_333,user333@example.com
10334,1006.0,P350,Electronics,South,Chennai,Medium,Pending,9,112.59,112.59,1013.31,2025-07-16,User_334,user334@example.com
10335,1379.0,P771,Groceries,South,Hyderabad,High,Pending,1,2809.04,2809.04,2809.04,2025-05-08,User_335,user335@example.com
10336,1190.0,P222,Sports,West,Ahmedabad,Low,Completed,6,1429.16,1429.16,8574.96,2025-04-02,User_336,user336@example.com
10337,1238.0,P986,Clothing,South,Chennai,Medium,Pending,1,4774.99,4774.99,4774.99,2025-02-14,User_337,user337@example.com
10338,1155.0,P857,Sports,West,Mumbai,High,Pending,6,1083.29,1083.29,6499.74,2025-07-08,User_338,user338@example.com
10339,1003.0,P519,Electronics,West,Mumbai,High,Cancelled,9,3826.36,3826.36,34437.24,2025-06-27,User_339,user339@example.com
10340,1377.0,P844,Clothing,North,Chandigarh,High,Completed,1,3818.75,3818.75,3818.75,2025-09-29,User_340,user340@example.com
10341,1072.0,P828,Clothing,South,Bengaluru,High,Completed,8,4809.81,4809.81,38478.48,2025-04-29,User_341,user341@example.com
10342,1297.0,P197,Sports,West,Ahmedabad,High,Cancelled,6,2346.44,2346.44,14078.64,2025-07-21,User_342,user342@example.com
10343,1066.0,P342,Clothing,North,Lucknow,Medium,Pending,10,405.19,405.19,4051.9,2025-07-21,User_343,user343@example.com
10344,1103.0,P239,Sports,East,Bhubaneswar,High,Completed,8,1432.58,1432.58,11460.64,2025-02-24,User_344,user344@example.com
10345,1183.0,P888,Furniture,South,Bengaluru,Medium,Pending,8,1638.76,1638.76,13110.08,2025-08-26,User_345,user345@example.com
10346,1423.0,P821,Books,East,Kolkata,Low,Completed,2,872.32,872.32,1744.64,2025-04-21,User_346,user346@example.com
10347,1202.0,P625,Electronics,East,Kolkata,Low,Pending,2,3584.67,3584.67,7169.34,2025-05-14,User_347,user347@example.com
10348,1281.0,P355,Electronics,South,Hyderabad,Medium,Completed,7,4287.55,4287.55,30012.85,2025-03-13,User_348,user348@example.com
10349,1066.0,P302,Groceries,North,Delhi,Medium,Cancelled,1,4168.82,4168.82,4168.82,2025-11-19,User_349,user349@example.com
10350,1011.0,P166,Furniture,North,Lucknow,Low,Pending,10,1368.22,1368.22,13682.2,2025-03-07,User_350,user350@example.com
10351,1086.0,P687,Groceries,North,Chandigarh,Low,Pending,2,309.21,309.21,618.42,2025-09-12,User_351,user351@example.com
10352,1095.0,P381,Clothing,North,Chandigarh,Medium,Completed,7,946.76,946.76,6627.32,2025-01-18,User_352,user352@example.com
10353,1245.0,P162,Electronics,South,Chennai,Medium,Pending,5,2544.57,2544.57,12722.85,2025-03-12,User_353,user353@example.com
10354,1278.0,P913,Electronics,West,Mumbai,Medium,Cancelled,9,1320.82,1320.82,11887.38,2025-07-03,User_354,user354@example.com
10355,1164.0,P497,Clothing,West,Ahmedabad,High,Completed,8,1785.77,1785.77,14286.16,2025-06-13,User_355,user355@example.com
10356,1271.0,P466,Sports,South,Hyderabad,High,Completed,5,387.1,387.1,1935.5,2025-02-21,User_356,user356@example.com
10357,1469.0,P854,Electronics,South,Chennai,High,Cancelled,4,1405.98,1405.98,5623.92,2025-07-18,User_357,user357@example.com
10358,1377.0,P814,Clothing,East,Kolkata,Low,Completed,3,1259.1,1259.1,3777.3,2025-12-27,User_358,user358@example.com
10359,1428.0,P929,Groceries,East,Patna,Low,Pending,10,796.3,796.3,7963.0,2025-03-31,User_359,user359@example.com
10360,1010.0,P639,Groceries,West,Mumbai,High,Pending,2,375.22,375.22,750.44,2025-11-11,User_360,user360@example.com
10361,1432.0,P989,Clothing,South,Hyderabad,High,Completed,6,3612.99,3612.99,21677.94,2025-03-17,User_361,user361@example.com
10362,1191.0,P821,Books,South,Hyderabad,Medium,Cancelled,9,4317.28,4317.28,38855.52,2025-02-21,User_362,user362@example.com
10363,1485.0,P547,Books,East,Bhubaneswar,Medium,Cancelled,6,768.61,768.61,4611.66,2025-06-12,User_363,user363@example.com
10364,1402.0,P465,Furniture,South,Chennai,Low,Cancelled,9,3498.45,3498.45,31486.05,2025-03-31,User_364,user364@example.com
10365,1485.0,P818,Sports,West,Pune,Medium,Cancelled,5,724.01,724.01,3620.05,2025-01-17,User_365,user365@example.com
10366,1113.0,P754,Sports,South,Chennai,High,Pending,6,4613.09,4613.09,27678.54,2025-03-14,User_366,user366@example.com
10367,1085.0,P751,Electronics,East,Patna,Low,Cancelled,2,1266.18,1266.18,2532.36,2025-11-24,User_367,user367@example.com
10368,1034.0,P458,Clothing,East,Bhubaneswar,High,Cancelled,1,1399.54,1399.54,1399.54,2025-01-01,User_368,user368@example.com
10369,1452.0,P523,Groceries,North,Chandigarh,Medium,Pending,8,3689.66,3689.66,29517.28,2025-10-07,User_369,user369@example.com
10370,1388.0,P803,Furniture,West,Mumbai,High,Pending,8,3964.78,3964.78,31718.24,2025-02-07,User_370,user370@example.com
10371,1037.0,P450,Furniture,North,Chandigarh,Medium,Completed,1,1661.71,1661.71,1661.71,2025-02-08,User_371,user371@example.com
10372,1360.0,P131,Groceries,North,Chandigarh,Low,Completed,10,4927.85,4927.85,49278.5,2025-11-07,User_372,user372@example.com
10373,1097.0,P519,Books,West,Mumbai,Low,Cancelled,1,596.16,596.16,596.16,2025-10-04,User_373,user373@example.com
10374,1201.0,P685,Sports,East,Patna,Medium,Completed,5,1557.26,1557.26,7786.3,2025-01-28,User_374,user374@example.com
10375,1320.0,P714,Groceries,East,Kolkata,High,Completed,7,529.38,529.38,3705.66,2025-01-14,User_375,user375@example.com
10376,1059.0,P415,Groceries,South,Hyderabad,Medium,Pending,5,4887.58,4887.58,24437.9,2025-12-05,User_376,user376@example.com
10377,1195.0,P478,Furniture,East,Kolkata,Medium,Completed,9,1998.88,1998.88,17989.92,2025-05-15,User_377,user377@example.com
10378,1031.0,P254,Books,West,Pune,Low,Completed,5,1208.59,1208.59,6042.95,2025-02-13,User_378,user378@example.com
10379,1283.0,P162,Groceries,East,Patna,Low,Pending,7,4856.46,4856.46,33995.22,2025-10-02,User_379,user379@example.com
10380,1462.0,P974,Books,West,Ahmedabad,High,Cancelled,4,2433.69,2433.69,9734.76,2025-10-20,User_380,user380@example.com
10381,1497.0,P316,Furniture,South,Hyderabad,High,Completed,8,947.11,947.11,7576.88,2025-08-05,User_381,user381@example.com
10382,1075.0,P954,Sports,North,Lucknow,Medium,Pending,7,1089.4,1089.4,7625.8,2025-02-04,User_382,user382@example.com
10383,1141.0,P632,Groceries,North,Chandigarh,High,Cancelled,9,2047.04,2047.04,18423.36,2025-11-16,User_383,user383@example.com
10384,1298.0,P876,Electronics,West,Mumbai,High,Cancelled,7,833.25,833.25,5832.75,2025-02-21,User_384,user384@example.com
10385,1335.0,P597,Sports,East,Patna,Low,Pending,6,4401.68,4401.68,26410.08,2025-01-20,User_385,user385@example.com
10386,1355.0,P511,Electronics,South,Bengaluru,Medium,Pending,7,804.88,804.88,5634.16,2025-12-20,User_386,user386@example.com
10387,1010.0,P445,Clothing,South,Hyderabad,Medium,Pending,8,4612.09,4612.09,36896.72,2025-09-09,User_387,user387@example.com
10388,1396.0,P945,Clothing,North,Delhi,Medium,Cancelled,3,1572.35,1572.35,4717.05,2025-08-02,User_388,user388@example.com
10389,1379.0,P596,Sports,North,Delhi,Medium,Completed,8,1135.81,1135.81,9086.48,2025-09-21,User_389,user389@example.com
10390,1399.0,P971,Sports,South,Hyderabad,Low,Completed,5,3576.89,3576.89,17884.45,2025-03-30,User_390,user390@example.com
10391,1470.0,P469,Books,South,Hyderabad,High,Pending,1,1322.5,1322.5,1322.5,2025-07-08,User_391,user391@example.com
10392,1015.0,P347,Clothing,West,Ahmedabad,Medium,Cancelled,7,3213.51,3213.51,22494.57,2025-08-17,User_392,user392@example.com
10393,1428.0,P364,Books,South,Bengaluru,Low,Completed,10,2801.54,2801.54,28015.4,2025-05-26,User_393,user393@example.com
10394,1494.0,P319,Furniture,North,Chandigarh,Low,Completed,1,898.25,898.25,898.25,2025-12-13,User_394,user394@example.com
10395,1495.0,P885,Books,South,Bengaluru,High,Pending,7,2615.08,2615.08,18305.56,2025-03-09,User_395,user395@example.com
10396,1482.0,P412,Books,South,Chennai,Low,Cancelled,1,1196.47,1196.47,1196.47,2025-05-21,User_396,user396@example.com
10397,1154.0,P793,Sports,West,Pune,Low,Pending,6,2349.09,2349.09,14094.54,2025-10-27,User_397,user397@example.com
10398,1429.0,P483,Sports,North,Delhi,Low,Cancelled,9,4997.2,4997.2,44974.8,2025-11-08,User_398,user398@example.com
10399,1141.0,P755,Clothing,East,Bhubaneswar,Medium,Pending,2,2460.52,2460.52,4921.04,2025-12-02,User_399,user399@example.com
10400,1029.0,P924,Sports,East,Kolkata,Medium,Cancelled,3,2634.74,2634.74,7904.22,2025-06-13,User_400,user400@example.com
10401,1132.0,P528,Groceries,South,Chennai,Medium,Cancelled,1,3311.46,3311.46,3311.46,2025-01-19,User_401,user401@example.com
10402,1243.0,P787,Clothing,South,Bengaluru,Low,Pending,4,3462.96,3462.96,13851.84,2025-03-29,User_402,user402@example.com
10403,1371.0,P927,Sports,South,Bengaluru,High,Cancelled,2,2406.83,2406.83,4813.66,2025-06-21,User_403,user403@example.com
10404,1215.0,P907,Clothing,North,Delhi,Medium,Pending,6,1194.31,1194.31,7165.86,2025-10-27,User_404,user404@example.com
10405,1298.0,P694,Sports,East,Bhubaneswar,High,Pending,2,2405.63,2405.63,4811.26,2025-04-10,User_405,user405@example.com
10406,1445.0,P974,Furniture,North,Lucknow,High,Completed,7,2696.21,2696.21,18873.47,2025-06-25,User_406,user406@example.com
10407,1092.0,P897,Electronics,West,Ahmedabad,Medium,Pending,8,801.8,801.8,6414.4,2025-11-20,User_407,user407@example.com
10408,1389.0,P892,Furniture,South,Bengaluru,Low,Completed,1,123.1,123.1,123.1,2025-09-08,User_408,user408@example.com
10409,1219.0,P588,Groceries,North,Delhi,High,Completed,10,2225.19,2225.19,22251.9,2025-10-01,User_409,user409@example.com
10410,1387.0,P953,Sports,South,Chennai,High,Completed,6,4755.34,4755.34,28532.04,2025-12-13,User_410,user410@example.com
10411,1159.0,P232,Electronics,North,Lucknow,Medium,Cancelled,4,1208.7,1208.7,4834.8,2025-10-29,User_411,user411@example.com
10412,1148.0,P566,Books,East,Kolkata,Low,Cancelled,2,4136.83,4136.83,8273.66,2025-09-26,User_412,user412@example.com
10413,1183.0,P868,Furniture,East,Bhubaneswar,High,Pending,3,1779.39,1779.39,5338.17,2025-01-10,User_413,user413@example.com
10414,,P616,Furniture,South,Hyderabad,High,Pending,3,1134.83,1134.83,3404.49,2025-12-31,User_414,user414@example.com
10415,1304.0,P149,Books,North,Chandigarh,High,Cancelled,5,3879.12,3879.12,19395.6,2025-01-11,User_415,user415@example.com
10416,1280.0,P358,Groceries,North,Lucknow,Low,Completed,2,2142.2,2142.2,4284.4,2025-04-16,User_416,user416@example.com
10417,1138.0,P737,Sports,North,Chandigarh,Low,Completed,7,3342.16,3342.16,23395.12,2025-08-03,User_417,user417@example.com
10418,1054.0,P609,Furniture,North,Lucknow,Low,Completed,10,676.9,676.9,6769.0,2025-05-15,User_418,user418@example.com
10419,1254.0,P312,Books,South,Bengaluru,Medium,Pending,7,1547.22,1547.22,10830.54,2025-05-01,User_419,user419@example.com
10420,1342.0,P605,Furniture,North,Delhi,High,Cancelled,2,4543.71,4543.71,9087.42,2025-02-08,User_420,user420@example.com
10421,1135.0,P575,Electronics,North,Chandigarh,High,Completed,4,2338.08,2338.08,9352.32,2025-01-21,User_421,user421@example.com
10422,1435.0,P876,Electronics,East,Bhubaneswar,High,Completed,6,2187.38,2187.38,13124.28,2025-12-06,User_422,user422@example.com
10423,1137.0,P999,Books,South,Bengaluru,High,Pending,6,4483.19,4483.19,26899.14,2025-06-25,User_423,user423@example.com
10424,1427.0,P494,Books,South,Hyderabad,Medium,Pending,7,2061.23,2061.23,14428.61,2025-11-29,User_424,user424@example.com
10425,1482.0,P964,Furniture,South,Hyderabad,High,Pending,3,3511.23,3511.23,10533.69,2025-10-30,User_425,user425@example.com
10426,1183.0,P726,Electronics,West,Ahmedabad,Low,Cancelled,8,988.18,988.18,7905.44,2025-03-08,User_426,user426@example.com
10427,1032.0,P367,Books,West,Pune,Medium,Completed,2,4449.21,4449.21,8898.42,2025-12-27,User_427,user427@example.com
10428,1316.0,P197,Groceries,South,Chennai,Low,Cancelled,6,2643.59,2643.59,15861.54,2025-05-08,User_428,user428@example.com
10429,1456.0,P727,Electronics,West,Pune,High,Cancelled,7,828.41,828.41,5798.87,2025-03-22,User_429,user429@example.com
10430,1123.0,P438,Clothing,West,Pune,High,Cancelled,3,466.84,466.84,1400.52,2025-04-25,User_430,user430@example.com
10431,1293.0,P558,Electronics,West,Pune,Medium,Pending,4,486.27,486.27,1945.08,2025-06-11,User_431,user431@example.com
10432,1285.0,P662,Electronics,North,Chandigarh,High,Cancelled,1,602.95,602.95,602.95,2025-11-13,User_432,user432@example.com
10433,1486.0,P449,Clothing,East,Patna,High,Completed,9,1113.57,1113.57,10022.13,2025-08-21,User_433,user433@example.com
10434,1186.0,P833,Groceries,East,Patna,High,Completed,10,3039.76,3039.76,30397.6,2025-12-04,User_434,user434@example.com
10435,1409.0,P398,Sports,South,Hyderabad,Low,Pending,6,1840.18,1840.18,11041.08,2025-12-26,User_435,user435@example.com
10436,1380.0,P838,Groceries,North,Delhi,High,Pending,3,2512.87,2512.87,7538.61,2025-11-09,User_436,user436@example.com
10437,1234.0,P944,Furniture,South,Hyderabad,Low,Pending,2,4658.06,4658.06,9316.12,2025-02-25,User_437,user437@example.com
10438,1234.0,P774,Sports,West,Mumbai,Low,Completed,10,703.77,703.77,7037.7,2025-09-13,User_438,user438@example.com
10439,1299.0,P594,Sports,North,Lucknow,High,Cancelled,1,2810.81,2810.81,2810.81,2025-10-24,User_439,user439@example.com
10440,1310.0,P429,Sports,South,Chennai,Medium,Pending,3,607.41,607.41,1822.23,2025-11-08,User_440,user440@example.com
10441,1231.0,P924,Furniture,South,Bengaluru,High,Pending,7,4821.61,4821.61,33751.27,2025-11-05,User_441,user441@example.com
10442,1478.0,P666,Books,East,Patna,High,Completed,9,4317.47,4317.47,38857.23,2025-04-18,User_442,user442@example.com
10443,1363.0,P765,Furniture,East,Patna,Low,Cancelled,6,4613.84,4613.84,27683.04,2025-12-22,User_443,user443@example.com
10444,1298.0,P684,Books,East,Patna,Low,Pending,2,3827.8,3827.8,7655.6,2025-12-12,User_444,user444@example.com
10445,,P248,Electronics,East,Bhubaneswar,Low,Completed,1,2661.38,2661.38,2661.38,2025-04-13,User_445,user445@example.com
10446,1031.0,P807,Clothing,East,Kolkata,High,Cancelled,5,3448.61,3448.61,17243.05,2025-01-17,User_446,user446@example.com
10447,1287.0,P985,Furniture,East,Bhubaneswar,Low,Cancelled,2,3118.93,3118.93,6237.86,2025-10-15,User_447,user447@example.com
10448,1147.0,P809,Books,West,Mumbai,High,Pending,9,3943.11,3943.11,35487.99,2025-07-18,User_448,user448@example.com
10449,1380.0,P357,Furniture,West,Ahmedabad,Low,Pending,6,4832.58,4832.58,28995.48,2025-04-26,User_449,user449@example.com
10450,1371.0,P298,Clothing,East,Patna,Medium,Completed,9,3718.41,3718.41,33465.69,2025-12-16,User_450,user450@example.com
10451,1020.0,P538,Clothing,North,Delhi,Low,Pending,3,3701.89,3701.89,11105.67,2025-03-08,User_451,user451@example.com
10452,1479.0,P258,Electronics,South,Chennai,High,Pending,5,127.66,127.66,638.3,2025-11-02,User_452,user452@example.com
10453,1404.0,P686,Sports,North,Lucknow,Medium,Completed,10,4231.39,4231.39,42313.9,2025-12-29,User_453,user453@example.com
10454,1402.0,P617,Furniture,East,Patna,Medium,Cancelled,4,4789.24,4789.24,19156.96,2025-10-02,User_454,user454@example.com
10455,1169.0,P439,Clothing,West,Mumbai,Medium,Completed,6,1183.87,1183.87,7103.22,2025-11-13,User_455,user455@example.com
10456,1123.0,P757,Sports,West,Ahmedabad,Low,Completed,1,662.14,662.14,662.14,2025-01-21,User_456,user456@example.com
10457,1144.0,P125,Sports,East,Bhubaneswar,Medium,Cancelled,2,1990.79,1990.79,3981.58,2025-09-18,User_457,user457@example.com
10458,1164.0,P626,Electronics,West,Pune,High,Completed,1,1552.53,1552.53,1552.53,2025-10-03,User_458,user458@example.com
10459,1109.0,P985,Books,North,Lucknow,Medium,Completed,2,1132.83,1132.83,2265.66,2025-04-16,User_459,user459@example.com
10460,1235.0,P834,Clothing,West,Ahmedabad,High,Completed,2,3759.77,3759.77,7519.54,2025-02-07,User_460,user460@example.com
10461,1116.0,P364,Groceries,North,Delhi,Medium,Pending,5,2834.61,2834.61,14173.05,2025-11-19,User_461,user461@example.com
10462,1273.0,P106,Books,West,Pune,Low,Cancelled,6,182.77,182.77,1096.62,2025-02-02,User_462,user462@example.com
10463,1148.0,P905,Books,North,Lucknow,Medium,Cancelled,2,1852.73,1852.73,3705.46,2025-02-14,User_463,user463@example.com
10464,1242.0,P260,Sports,East,Bhubaneswar,High,Completed,7,2036.05,2036.05,14252.35,2025-07-20,User_464,user464@example.com
10465,1494.0,P914,Books,East,Patna,Low,Pending,3,1560.48,1560.48,4681.44,2025-01-06,User_465,user465@example.com
10466,1275.0,P660,Electronics,South,Hyderabad,Medium,Completed,1,124.65,124.65,124.65,2025-06-26,User_466,user466@example.com
10467,1315.0,P954,Clothing,South,Bengaluru,High,Completed,9,798.03,798.03,7182.27,2025-04-03,User_467,user467@example.com
10468,1343.0,P168,Clothing,North,Lucknow,High,Completed,8,3258.91,3258.91,26071.28,2025-10-25,User_468,user468@example.com
10469,1051.0,P391,Sports,West,Pune,High,Completed,6,728.25,728.25,4369.5,2025-06-12,User_469,user469@example.com
10470,1299.0,P256,Sports,West,Pune,Low,Pending,6,3120.08,3120.08,18720.48,2025-06-11,User_470,user470@example.com
10471,1364.0,P857,Books,West,Mumbai,Medium,Pending,1,1634.75,1634.75,1634.75,2025-07-04,User_471,user471@example.com
10472,1183.0,P893,Clothing,South,Chennai,Medium,Cancelled,6,4401.64,4401.64,26409.84,2025-02-25,User_472,user472@example.com
10473,1423.0,P243,Sports,South,Chennai,High,Pending,10,501.67,501.67,5016.7,2025-11-17,User_473,user473@example.com
10474,1323.0,P131,Sports,North,Lucknow,Low,Pending,2,4471.32,4471.32,8942.64,2025-10-30,User_474,user474@example.com
10475,1276.0,P583,Books,South,Hyderabad,High,Pending,9,1377.02,1377.02,12393.18,2025-07-20,User_475,user475@example.com
10476,1046.0,P506,Clothing,South,Chennai,Low,Completed,5,756.02,756.02,3780.1,2025-12-06,User_476,user476@example.com
10477,1081.0,P283,Sports,South,Chennai,Low,Cancelled,3,3810.31,3810.31,11430.93,2025-03-16,User_477,user477@example.com
10478,1032.0,P370,Clothing,West,Pune,High,Completed,1,1172.21,1172.21,1172.21,2025-12-09,User_478,user478@example.com
10479,1451.0,P147,Electronics,South,Chennai,Low,Pending,6,2001.66,2001.66,12009.96,2025-02-22,User_479,user479@example.com
10480,1192.0,P769,Groceries,East,Patna,Medium,Cancelled,5,2935.29,2935.29,14676.45,2025-12-01,User_480,user480@example.com
10481,1264.0,P515,Clothing,North,Lucknow,Medium,Pending,5,1944.01,1944.01,9720.05,2025-09-04,User_481,user481@example.com
10482,1263.0,P758,Clothing,North,Lucknow,High,Completed,3,2255.5,2255.5,6766.5,2025-04-06,User_482,user482@example.com
10483,1117.0,P524,Clothing,South,Bengaluru,Low,Completed,10,3614.78,3614.78,36147.8,2025-09-04,User_483,user483@example.com
10484,1210.0,P122,Furniture,West,Pune,High,Completed,4,2994.88,2994.88,11979.52,2025-10-21,User_484,user484@example.com
10485,1028.0,P270,Clothing,South,Hyderabad,High,Cancelled,9,292.04,292.04,2628.36,2025-07-27,User_485,user485@example.com
10486,1310.0,P582,Groceries,North,Lucknow,High,Completed,5,4741.54,4741.54,23707.7,2025-07-30,User_486,user486@example.com
10487,1085.0,P841,Books,South,Chennai,Medium,Pending,3,3153.74,3153.74,9461.22,2025-11-02,User_487,user487@example.com
10488,1103.0,P635,Sports,North,Delhi,Low,Pending,7,1988.76,1988.76,13921.32,2025-03-18,User_488,user488@example.com
10489,1449.0,P902,Sports,North,Delhi,Low,Completed,8,4517.88,4517.88,36143.04,2025-02-17,User_489,user489@example.com
10490,1000.0,P893,Books,West,Ahmedabad,Low,Pending,3,4519.73,4519.73,13559.19,2025-09-25,User_490,user490@example.com
10491,1480.0,P921,Groceries,West,Pune,Medium,Pending,1,3518.45,3518.45,3518.45,2025-10-29,User_491,user491@example.com
10492,1465.0,P979,Electronics,North,Chandigarh,Medium,Cancelled,3,1347.14,1347.14,4041.42,2025-10-06,User_492,user492@example.com
10493,1003.0,P691,Sports,West,Pune,High,Cancelled,4,126.8,126.8,507.2,2025-01-04,User_493,user493@example.com
10494,1185.0,P209,Furniture,West,Ahmedabad,Medium,Cancelled,4,3470.06,3470.06,13880.24,2025-10-27,User_494,user494@example.com
10495,1141.0,P796,Groceries,East,Bhubaneswar,High,Pending,9,2175.45,2175.45,19579.05,2025-10-10,User_495,user495@example.com
10496,1157.0,P691,Clothing,West,Mumbai,Low,Pending,6,2839.56,2839.56,17037.36,2025-03-12,User_496,user496@example.com
10497,1082.0,P202,Furniture,North,Lucknow,Low,Pending,4,2288.31,2288.31,9153.24,2025-06-23,User_497,user497@example.com
10498,,P193,Furniture,North,Delhi,Medium,Cancelled,7,4826.39,4826.39,33784.73,2025-08-11,User_498,user498@example.com
10499,1019.0,P841,Groceries,North,Delhi,Medium,Cancelled,5,1186.67,1186.67,5933.35,2025-12-02,User_499,user499@example.com
10500,1089.0,P755,Groceries,East,Patna,Medium,Completed,10,381.57,381.57,3815.7,2025-04-14,User_500,user500@example.com
10501,1357.0,P337,Sports,East,Kolkata,High,Cancelled,1,3941.4,3941.4,3941.4,2025-01-19,User_501,user501@example.com
10502,1141.0,P898,Groceries,East,Kolkata,Medium,Cancelled,1,4880.66,4880.66,4880.66,2025-07-22,User_502,user502@example.com
10503,1035.0,P192,Sports,West,Ahmedabad,Medium,Cancelled,4,2636.94,2636.94,10547.76,2025-10-14,User_503,user503@example.com
10504,1232.0,P513,Sports,East,Bhubaneswar,High,Pending,5,1208.85,1208.85,6044.25,2025-03-31,User_504,user504@example.com
10505,1174.0,P219,Sports,West,Ahmedabad,Medium,Cancelled,2,2837.29,2837.29,5674.58,2025-10-22,User_505,user505@example.com
10506,1394.0,P349,Clothing,East,Patna,Medium,Cancelled,8,4833.67,4833.67,38669.36,2025-08-24,User_506,user506@example.com
10507,1403.0,P325,Books,North,Chandigarh,Low,Completed,2,1363.32,1363.32,2726.64,2025-06-11,User_507,user507@example.com
10508,1134.0,P354,Clothing,West,Pune,High,Pending,9,2724.69,2724.69,24522.21,2025-12-11,User_508,user508@example.com
10509,1181.0,P323,Sports,East,Kolkata,Medium,Completed,9,4663.84,4663.84,41974.56,2025-12-16,User_509,user509@example.com
10510,1135.0,P311,Furniture,South,Bengaluru,High,Completed,4,1250.82,1250.82,5003.28,2025-11-13,User_510,user510@example.com